conditions,device,mean_normalized_regret,missed_median_benefit_vs_base_s,missed_opportunity_count,missed_opportunity_rate,missed_p90_benefit_vs_base_s,missed_total_benefit_vs_base_s,p95_normalized_regret,policy,policy_failure_count,wrong_admit_count,wrong_admit_decisive_count_ge5pct,wrong_admit_marginal_count_lt5pct,wrong_admit_median_excess_vs_base_s,wrong_admit_median_norm_excess_vs_base,wrong_admit_p90_excess_vs_base_s,wrong_admit_p90_norm_excess_vs_base,wrong_admit_rate,wrong_admit_total_excess_worker_time_s
208,RTX 4060,0.005855,0.001638,13,0.0625,0.002772,0.021817,0.027498,amortization_policy,0,13,0,13,0.001323,0.009994,0.012267,0.020404,0.0625,0.163977
208,RTX 4060,0.006711,0.002143,1,0.004808,0.002143,0.002143,0.034634,risk_aware_policy,0,31,0,31,0.001712,0.017876,0.012267,0.041797,0.149038,0.208542
208,RTX 4060,0.006846,0.002143,1,0.004808,0.002143,0.002143,0.034634,first_k_probe_policy,0,32,1,31,0.001712,0.017876,0.012267,0.041797,0.153846,0.246179
208,RTX 4060,0.006833,0.001638,13,0.0625,0.002772,0.021817,0.02779,static_gate_plus_eligibility,0,13,0,13,0.001323,0.009994,0.012267,0.020404,0.0625,0.163977
208,RTX 4060,0.040731,0.004172,62,0.298077,0.029249,0.582748,0.269957,workload_family_holdout_policy,0,0,0,0,,,,,0.0,0
208,RTX 4060,0.014742,,0,0.0,,0,0.048725,always_graphs,80,78,6,72,0.001529,0.021126,0.005745,0.044876,0.375,0.374623
208,RTX 4060,1.776841,0.001638,13,0.0625,0.002772,0.021817,21.284423,static_threshold,8,28,16,12,2.053129,13.499898,2.82468,26.025421,0.134615,40.462212
208,RTX 4060,14.144894,0.001638,13,0.0625,0.002772,0.021817,45.38535,job_length_only,0,104,104,0,2.774767,26.025421,3.327478,41.552525,0.5,288.685194
208,RTX 4060,4.336989,,0,0.0,,0,29.180285,shape_only,16,88,38,50,0.00337,0.039147,2.776971,29.180285,0.423077,80.625943
208,RTX 4060,32.152757,,0,0.0,,0,53.0403,always_compile,0,208,208,0,2.780604,30.666306,3.344716,47.718171,1.0,580.006711
208,V100,0.005226,0.001531,13,0.0625,0.002125,0.019566,0.02669,amortization_policy,0,17,2,15,0.001759,0.020004,0.010047,0.039122,0.081731,0.063714
208,V100,0.008114,,0,0.0,,0,0.045053,risk_aware_policy,0,36,8,28,0.002475,0.028785,0.005429,0.05728,0.173077,0.120168
208,V100,0.007348,,0,0.0,,0,0.045053,first_k_probe_policy,0,36,8,28,0.002475,0.028785,0.005429,0.05728,0.173077,0.120168
208,V100,0.006183,0.001531,13,0.0625,0.002125,0.019566,0.027254,static_gate_plus_eligibility,0,17,1,16,0.001759,0.020004,0.004435,0.034905,0.081731,0.057722
208,V100,0.059427,0.005557,60,0.288462,0.040004,0.841424,0.402321,workload_family_holdout_policy,0,0,0,0,,,,,0.0,0
208,V100,0.022574,,0,0.0,,0,0.079247,always_graphs,80,84,24,60,0.002664,0.034374,0.004391,0.074582,0.403846,0.242901
208,V100,2.234171,0.001531,13,0.0625,0.002125,0.019566,27.532144,static_threshold,8,32,17,15,0.01598,0.05287,3.547965,31.482799,0.153846,53.45439
208,V100,21.853615,0.001531,13,0.0625,0.002125,0.019566,71.38178,job_length_only,0,104,104,0,3.75839,32.468651,4.478782,69.175743,0.5,390.262223
208,V100,5.751824,,0,0.0,,0,36.955926,shape_only,16,94,55,39,0.003706,0.060713,3.540872,36.605605,0.451923,106.59853
208,V100,51.228105,,0,0.0,,0,114.240197,always_compile,0,208,208,0,3.734738,40.234416,4.478782,82.564457,1.0,780.82218
208,A100,0.012281,0.004134,22,0.105769,0.009812,0.125608,0.051736,amortization_policy,0,7,1,6,0.004445,0.017486,0.013904,0.049391,0.033654,0.062373
208,A100,0.010932,0.004134,1,0.004808,0.004134,0.004134,0.049563,risk_aware_policy,0,19,3,16,0.003827,0.029919,0.025799,0.080165,0.091346,0.157323
208,A100,0.009968,0.004134,1,0.004808,0.004134,0.004134,0.049563,first_k_probe_policy,0,19,4,15,0.003827,0.031778,0.025799,0.080165,0.091346,0.16246
208,A100,0.01386,0.004134,22,0.105769,0.009812,0.125608,0.062589,static_gate_plus_eligibility,0,7,1,6,0.004445,0.017486,0.013904,0.049391,0.033654,0.062373
208,A100,0.100397,0.016521,78,0.375,0.099595,2.796354,0.643802,workload_family_holdout_policy,0,0,0,0,,,,,0.0,0
208,A100,0.020097,,0,0.0,,0,0.074536,always_graphs,80,63,13,50,0.003557,0.027812,0.013904,0.080165,0.302885,0.392717
208,A100,1.585565,0.004134,22,0.105769,0.009812,0.125608,19.725266,static_threshold,8,23,17,6,4.052087,11.797002,4.971229,22.547642,0.110577,71.467141
208,A100,14.000584,0.004134,22,0.105769,0.009812,0.125608,44.678816,job_length_only,0,104,104,0,4.97011,22.547642,6.090158,39.201193,0.5,516.045515
208,A100,3.945195,,0,0.0,,0,27.085945,shape_only,16,75,44,31,0.026659,0.094267,4.907594,27.134067,0.360577,142.191095
208,A100,31.734569,,0,0.0,,0,51.131649,always_compile,0,208,208,0,4.950742,26.752309,6.128095,47.41548,1.0,1033.109811
208,H100,0.007792,0.000613,6,0.028846,0.002635,0.009446,0.032597,amortization_policy,0,20,1,19,0.00298,0.018556,0.007882,0.041239,0.096154,0.073356
208,H100,0.010734,0.000613,1,0.004808,0.000613,0.000613,0.04399,risk_aware_policy,0,47,7,40,0.003473,0.022305,0.008737,0.050232,0.225962,0.190404
208,H100,0.011127,0.000613,1,0.004808,0.000613,0.000613,0.045134,first_k_probe_policy,0,47,7,40,0.003473,0.022305,0.008737,0.050232,0.225962,0.190404
208,H100,0.008927,0.000613,6,0.028846,0.002635,0.009446,0.035061,static_gate_plus_eligibility,0,20,1,19,0.00298,0.018556,0.005512,0.039896,0.096154,0.070481
208,H100,0.034529,0.01245,49,0.235577,0.042856,0.945357,0.219176,workload_family_holdout_policy,0,0,0,0,,,,,0.0,0
208,H100,0.020292,,0,0.0,,0,0.059055,always_graphs,80,94,15,79,0.003473,0.022922,0.008038,0.053355,0.451923,0.351453
208,H100,1.161885,0.000613,6,0.028846,0.002635,0.009446,13.640599,static_threshold,8,34,17,17,0.005512,0.041239,3.776195,15.247227,0.163462,55.062771
208,H100,10.214443,0.000613,6,0.028846,0.002635,0.009446,29.911359,job_length_only,0,104,104,0,3.674128,18.996991,4.393936,28.554344,0.5,382.419567
208,H100,2.70743,,0,0.0,,0,17.055365,shape_only,16,101,46,55,0.005748,0.039199,3.491961,17.031489,0.485577,106.73306
208,H100,22.160115,,0,0.0,,0,35.456892,always_compile,0,208,208,0,3.671392,20.471223,4.401095,30.659417,1.0,762.455424
