source_file,job_mix_id,policy,heavy_mean_completion_time_s,heavy_p95_completion_time_s,heavy_throughput_jobs_per_s,heavy_wasted_optimization_overhead_s,heavy_wrong_admit_count,heavy_missed_opportunity_count
queue_replay_4060_graph_friendly_heavy.jsonl,official_4060_20260625_graph_friendly_heavy,always_best_eager,1.112661,4.891238,5.941594,0.0,344.0,0.0
queue_replay_4060_graph_friendly_heavy.jsonl,official_4060_20260625_graph_friendly_heavy,always_compile,1331.874248,2526.165481,0.353612,1859.461493,1000.0,0.0
queue_replay_4060_graph_friendly_heavy.jsonl,official_4060_20260625_graph_friendly_heavy,always_compile_plus_graphs,1093.74815,2062.530405,0.426454,1532.364936,876.2,0.0
queue_replay_4060_graph_friendly_heavy.jsonl,official_4060_20260625_graph_friendly_heavy,always_compile_reduce_overhead,1332.443702,2527.134357,0.353488,1857.342129,1000.0,0.0
queue_replay_4060_graph_friendly_heavy.jsonl,official_4060_20260625_graph_friendly_heavy,always_cpu,1.127026,4.90902,5.941574,0.0,0.0,0.0
queue_replay_4060_graph_friendly_heavy.jsonl,official_4060_20260625_graph_friendly_heavy,always_eager,1.127026,4.90902,5.941574,0.0,0.0,750.6
queue_replay_4060_graph_friendly_heavy.jsonl,official_4060_20260625_graph_friendly_heavy,always_graphs,1.074506,4.889199,5.941434,28.535751,375.0,0.0
queue_replay_4060_graph_friendly_heavy.jsonl,official_4060_20260625_graph_friendly_heavy,always_graphs_input_copy,1.190476,5.094485,5.940856,57.778528,601.8,0.0
queue_replay_4060_graph_friendly_heavy.jsonl,official_4060_20260625_graph_friendly_heavy,amort_ablation_startup_only,1.127026,4.90902,5.941574,0.0,0.0,750.6
queue_replay_4060_graph_friendly_heavy.jsonl,official_4060_20260625_graph_friendly_heavy,amort_ablation_startup_step,1.061105,4.868301,5.941742,5.823543,189.8,171.2
queue_replay_4060_graph_friendly_heavy.jsonl,official_4060_20260625_graph_friendly_heavy,amort_ablation_startup_step_risk,1.061105,4.868301,5.941742,5.823543,189.8,171.2
queue_replay_4060_graph_friendly_heavy.jsonl,official_4060_20260625_graph_friendly_heavy,amort_ablation_step_only,1.0734,4.887352,5.941428,28.535751,374.8,51.2
queue_replay_4060_graph_friendly_heavy.jsonl,official_4060_20260625_graph_friendly_heavy,amortization_policy,1.061105,4.868301,5.941742,5.823543,189.8,171.2
queue_replay_4060_graph_friendly_heavy.jsonl,official_4060_20260625_graph_friendly_heavy,first_k_probe_policy,1.062915,4.866301,5.941484,14.021465,209.8,103.0
queue_replay_4060_graph_friendly_heavy.jsonl,official_4060_20260625_graph_friendly_heavy,job_length_only,661.291461,1254.515339,0.670407,944.297552,506.6,335.2
queue_replay_4060_graph_friendly_heavy.jsonl,official_4060_20260625_graph_friendly_heavy,oracle_best_action,1.023512,4.717837,5.941873,0.0,0.0,0.0
queue_replay_4060_graph_friendly_heavy.jsonl,official_4060_20260625_graph_friendly_heavy,risk_aware_policy,1.061471,4.86523,5.941734,13.633493,158.6,177.8
queue_replay_4060_graph_friendly_heavy.jsonl,official_4060_20260625_graph_friendly_heavy,shape_only,80.119301,150.218115,3.113419,159.207801,397.8,60.2
queue_replay_4060_graph_friendly_heavy.jsonl,official_4060_20260625_graph_friendly_heavy,static_gate_only,1.064137,4.871922,5.941739,5.823543,91.6,377.2
queue_replay_4060_graph_friendly_heavy.jsonl,official_4060_20260625_graph_friendly_heavy,static_gate_plus_eligibility,1.064137,4.871922,5.941739,5.823543,71.0,391.0
queue_replay_4060_graph_friendly_heavy.jsonl,official_4060_20260625_graph_friendly_heavy,static_threshold,31.067274,55.10045,4.484785,71.945275,108.2,377.2
queue_replay_4060_graph_friendly_heavy.jsonl,official_4060_20260625_graph_friendly_heavy,workload_agnostic_logreg_policy,1.073061,4.921896,5.941684,5.162674,229.6,83.4
queue_replay_4060_graph_friendly_heavy.jsonl,official_4060_20260625_graph_friendly_heavy,workload_agnostic_tree_policy,1.070628,4.916512,5.941744,5.547655,214.8,92.2
queue_replay_4060_graph_friendly_heavy.jsonl,official_4060_20260625_graph_friendly_heavy,workload_family_holdout_policy,1.127026,4.90902,5.941574,0.0,0.0,750.6
queue_replay_4060_dynamic_irregular_heavy.jsonl,official_4060_20260625_dynamic_irregular_heavy,always_best_eager,1.276458,5.176826,5.937241,0.0,449.2,0.0
queue_replay_4060_dynamic_irregular_heavy.jsonl,official_4060_20260625_dynamic_irregular_heavy,always_compile,1409.416487,2669.117387,0.335861,1964.719521,1000.0,0.0
queue_replay_4060_dynamic_irregular_heavy.jsonl,official_4060_20260625_dynamic_irregular_heavy,always_compile_plus_graphs,510.580846,946.603867,0.860671,727.965094,422.8,0.0
queue_replay_4060_dynamic_irregular_heavy.jsonl,official_4060_20260625_dynamic_irregular_heavy,always_compile_reduce_overhead,1419.192076,2687.416093,0.333705,1979.778593,1000.0,0.0
queue_replay_4060_dynamic_irregular_heavy.jsonl,official_4060_20260625_dynamic_irregular_heavy,always_cpu,1.291495,5.201575,5.936253,0.0,0.0,0.0
queue_replay_4060_dynamic_irregular_heavy.jsonl,official_4060_20260625_dynamic_irregular_heavy,always_eager,1.291495,5.201575,5.936253,0.0,0.0,567.8
queue_replay_4060_dynamic_irregular_heavy.jsonl,official_4060_20260625_dynamic_irregular_heavy,always_graphs,1.295976,5.240642,5.935668,14.413209,201.4,0.0
queue_replay_4060_dynamic_irregular_heavy.jsonl,official_4060_20260625_dynamic_irregular_heavy,always_graphs_input_copy,1.369678,5.387591,5.933558,25.640856,297.2,0.0
queue_replay_4060_dynamic_irregular_heavy.jsonl,official_4060_20260625_dynamic_irregular_heavy,amort_ablation_startup_only,1.291495,5.201575,5.936253,0.0,0.0,567.8
queue_replay_4060_dynamic_irregular_heavy.jsonl,official_4060_20260625_dynamic_irregular_heavy,amort_ablation_startup_step,1.278403,5.21766,5.937055,3.754326,214.2,225.0
queue_replay_4060_dynamic_irregular_heavy.jsonl,official_4060_20260625_dynamic_irregular_heavy,amort_ablation_startup_step_risk,1.278403,5.21766,5.937055,3.754326,214.2,225.0
queue_replay_4060_dynamic_irregular_heavy.jsonl,official_4060_20260625_dynamic_irregular_heavy,amort_ablation_step_only,1.292849,5.237843,5.936062,14.413209,304.2,182.4
queue_replay_4060_dynamic_irregular_heavy.jsonl,official_4060_20260625_dynamic_irregular_heavy,amortization_policy,1.278403,5.21766,5.937055,3.754326,214.2,225.0
queue_replay_4060_dynamic_irregular_heavy.jsonl,official_4060_20260625_dynamic_irregular_heavy,first_k_probe_policy,1.283117,5.219181,5.936644,7.960817,238.2,202.0
queue_replay_4060_dynamic_irregular_heavy.jsonl,official_4060_20260625_dynamic_irregular_heavy,job_length_only,681.993818,1301.535833,0.647399,979.717061,495.8,239.4
queue_replay_4060_dynamic_irregular_heavy.jsonl,official_4060_20260625_dynamic_irregular_heavy,oracle_best_action,1.223056,5.062368,5.938353,0.0,0.0,0.0
queue_replay_4060_dynamic_irregular_heavy.jsonl,official_4060_20260625_dynamic_irregular_heavy,risk_aware_policy,1.282712,5.22141,5.936629,7.572845,121.8,311.0
queue_replay_4060_dynamic_irregular_heavy.jsonl,official_4060_20260625_dynamic_irregular_heavy,shape_only,87.82021,165.780524,2.966328,150.924279,227.6,268.2
queue_replay_4060_dynamic_irregular_heavy.jsonl,official_4060_20260625_dynamic_irregular_heavy,static_gate_only,1.283557,5.222823,5.936538,3.754326,58.0,401.4
queue_replay_4060_dynamic_irregular_heavy.jsonl,official_4060_20260625_dynamic_irregular_heavy,static_gate_plus_eligibility,1.283557,5.222823,5.936538,3.754326,37.6,415.6
queue_replay_4060_dynamic_irregular_heavy.jsonl,official_4060_20260625_dynamic_irregular_heavy,static_threshold,33.215859,64.583003,4.290098,71.370504,77.0,401.4
queue_replay_4060_dynamic_irregular_heavy.jsonl,official_4060_20260625_dynamic_irregular_heavy,workload_agnostic_logreg_policy,1.293288,5.234839,5.936268,3.844068,253.8,251.4
queue_replay_4060_dynamic_irregular_heavy.jsonl,official_4060_20260625_dynamic_irregular_heavy,workload_agnostic_tree_policy,1.292179,5.235042,5.936293,3.633625,177.4,294.4
queue_replay_4060_dynamic_irregular_heavy.jsonl,official_4060_20260625_dynamic_irregular_heavy,workload_family_holdout_policy,1.291495,5.201575,5.936253,0.0,0.0,567.8
queue_replay_4060_short_step_heavy.jsonl,official_4060_20260625_short_step_heavy,always_best_eager,0.312115,1.101099,5.922373,0.0,392.0,0.0
queue_replay_4060_short_step_heavy.jsonl,official_4060_20260625_short_step_heavy,always_compile,1360.435543,2584.239506,0.346116,1931.637699,1000.0,0.0
queue_replay_4060_short_step_heavy.jsonl,official_4060_20260625_short_step_heavy,always_compile_plus_graphs,909.684898,1735.836227,0.50038,1322.371191,771.4,0.0
queue_replay_4060_short_step_heavy.jsonl,official_4060_20260625_short_step_heavy,always_compile_reduce_overhead,1365.560144,2593.749331,0.344916,1934.73346,1000.0,0.0
queue_replay_4060_short_step_heavy.jsonl,official_4060_20260625_short_step_heavy,always_cpu,0.315965,1.117512,5.922339,0.0,0.0,0.0
queue_replay_4060_short_step_heavy.jsonl,official_4060_20260625_short_step_heavy,always_eager,0.315965,1.117512,5.922339,0.0,0.0,585.8
queue_replay_4060_short_step_heavy.jsonl,official_4060_20260625_short_step_heavy,always_graphs,0.326745,1.212897,5.921413,37.746134,535.4,0.0
queue_replay_4060_short_step_heavy.jsonl,official_4060_20260625_short_step_heavy,always_graphs_input_copy,0.337733,1.288036,5.921029,45.862679,628.0,0.0
queue_replay_4060_short_step_heavy.jsonl,official_4060_20260625_short_step_heavy,amort_ablation_startup_only,0.315965,1.117512,5.922339,0.0,0.0,585.8
queue_replay_4060_short_step_heavy.jsonl,official_4060_20260625_short_step_heavy,amort_ablation_startup_step,0.313285,1.123303,5.921773,2.492033,230.8,221.2
queue_replay_4060_short_step_heavy.jsonl,official_4060_20260625_short_step_heavy,amort_ablation_startup_step_risk,0.313285,1.123303,5.921773,2.492033,230.8,221.2
queue_replay_4060_short_step_heavy.jsonl,official_4060_20260625_short_step_heavy,amort_ablation_step_only,0.326939,1.213792,5.921419,37.746134,560.6,85.0
queue_replay_4060_short_step_heavy.jsonl,official_4060_20260625_short_step_heavy,amortization_policy,0.313285,1.123303,5.921773,2.492033,230.8,221.2
queue_replay_4060_short_step_heavy.jsonl,official_4060_20260625_short_step_heavy,first_k_probe_policy,0.316891,1.150839,5.92177,10.79815,274.8,175.8
queue_replay_4060_short_step_heavy.jsonl,official_4060_20260625_short_step_heavy,job_length_only,185.135437,345.38537,1.897061,296.059295,157.0,469.8
queue_replay_4060_short_step_heavy.jsonl,official_4060_20260625_short_step_heavy,oracle_best_action,0.305727,1.063526,5.922458,0.0,0.0,0.0
queue_replay_4060_short_step_heavy.jsonl,official_4060_20260625_short_step_heavy,risk_aware_policy,0.314604,1.12817,5.921759,9.992362,140.6,297.8
queue_replay_4060_short_step_heavy.jsonl,official_4060_20260625_short_step_heavy,shape_only,157.787517,301.335635,2.080278,285.071489,561.8,86.2
queue_replay_4060_short_step_heavy.jsonl,official_4060_20260625_short_step_heavy,static_gate_only,0.314433,1.128461,5.921732,2.492033,38.2,492.0
queue_replay_4060_short_step_heavy.jsonl,official_4060_20260625_short_step_heavy,static_gate_plus_eligibility,0.314433,1.128461,5.921732,2.492033,27.8,496.6
queue_replay_4060_short_step_heavy.jsonl,official_4060_20260625_short_step_heavy,static_threshold,5.933654,12.170386,5.663464,41.991447,50.2,492.0
queue_replay_4060_short_step_heavy.jsonl,official_4060_20260625_short_step_heavy,workload_agnostic_logreg_policy,0.313416,1.127737,5.921772,3.538411,255.6,112.2
queue_replay_4060_short_step_heavy.jsonl,official_4060_20260625_short_step_heavy,workload_agnostic_tree_policy,0.313193,1.125731,5.921772,2.233388,207.2,138.2
queue_replay_4060_short_step_heavy.jsonl,official_4060_20260625_short_step_heavy,workload_family_holdout_policy,0.315965,1.117512,5.922339,0.0,0.0,585.8
queue_replay_v100_graph_friendly_heavy.jsonl,official_v100_20260625_graph_friendly_heavy,always_best_eager,0.553215,1.908209,7.350597,0.0,379.4,0.0
queue_replay_v100_graph_friendly_heavy.jsonl,official_v100_20260625_graph_friendly_heavy,always_compile,1833.177403,3479.126643,0.263192,2366.433842,1000.0,0.0
queue_replay_v100_graph_friendly_heavy.jsonl,official_v100_20260625_graph_friendly_heavy,always_compile_plus_graphs,1521.27776,2871.500975,0.315802,1964.5469,876.2,0.0
queue_replay_v100_graph_friendly_heavy.jsonl,official_v100_20260625_graph_friendly_heavy,always_compile_reduce_overhead,1841.196629,3494.616474,0.262074,2379.539373,1000.0,0.0
queue_replay_v100_graph_friendly_heavy.jsonl,official_v100_20260625_graph_friendly_heavy,always_cpu,0.564367,1.933036,7.350545,0.0,0.0,0.0
queue_replay_v100_graph_friendly_heavy.jsonl,official_v100_20260625_graph_friendly_heavy,always_eager,0.564367,1.933036,7.350545,0.0,0.0,738.4
queue_replay_v100_graph_friendly_heavy.jsonl,official_v100_20260625_graph_friendly_heavy,always_graphs,0.486073,1.760328,7.350869,27.294966,394.2,0.0
queue_replay_v100_graph_friendly_heavy.jsonl,official_v100_20260625_graph_friendly_heavy,always_graphs_input_copy,0.574762,1.969958,7.350499,52.224913,588.0,0.0
queue_replay_v100_graph_friendly_heavy.jsonl,official_v100_20260625_graph_friendly_heavy,amort_ablation_startup_only,0.564367,1.933036,7.350545,0.0,0.0,738.4
queue_replay_v100_graph_friendly_heavy.jsonl,official_v100_20260625_graph_friendly_heavy,amort_ablation_startup_step,0.474958,1.73257,7.351119,7.035677,249.8,108.8
queue_replay_v100_graph_friendly_heavy.jsonl,official_v100_20260625_graph_friendly_heavy,amort_ablation_startup_step_risk,0.474958,1.73257,7.351119,7.035677,249.8,108.8
queue_replay_v100_graph_friendly_heavy.jsonl,official_v100_20260625_graph_friendly_heavy,amort_ablation_step_only,0.484643,1.757783,7.350869,27.294966,399.6,39.4
queue_replay_v100_graph_friendly_heavy.jsonl,official_v100_20260625_graph_friendly_heavy,amortization_policy,0.474958,1.73257,7.351119,7.035677,249.8,108.8
queue_replay_v100_graph_friendly_heavy.jsonl,official_v100_20260625_graph_friendly_heavy,first_k_probe_policy,0.475799,1.735207,7.350938,14.154037,277.4,70.0
queue_replay_v100_graph_friendly_heavy.jsonl,official_v100_20260625_graph_friendly_heavy,job_length_only,920.191133,1746.444664,0.505347,1201.496843,506.6,315.4
queue_replay_v100_graph_friendly_heavy.jsonl,official_v100_20260625_graph_friendly_heavy,oracle_best_action,0.464915,1.705193,7.351155,0.0,0.0,0.0
queue_replay_v100_graph_friendly_heavy.jsonl,official_v100_20260625_graph_friendly_heavy,risk_aware_policy,0.477176,1.738402,7.350943,14.154037,170.0,179.8
queue_replay_v100_graph_friendly_heavy.jsonl,official_v100_20260625_graph_friendly_heavy,shape_only,119.800728,227.565554,2.704204,187.01338,417.0,76.6
queue_replay_v100_graph_friendly_heavy.jsonl,official_v100_20260625_graph_friendly_heavy,static_gate_only,0.476017,1.736376,7.351144,7.033498,97.4,352.6
queue_replay_v100_graph_friendly_heavy.jsonl,official_v100_20260625_graph_friendly_heavy,static_gate_plus_eligibility,0.476017,1.736376,7.351144,7.033498,76.8,372.8
queue_replay_v100_graph_friendly_heavy.jsonl,official_v100_20260625_graph_friendly_heavy,static_threshold,53.885065,99.891222,4.193871,87.676486,114.0,352.6
queue_replay_v100_graph_friendly_heavy.jsonl,official_v100_20260625_graph_friendly_heavy,workload_agnostic_logreg_policy,0.487947,1.770234,7.350984,7.46657,300.4,84.0
queue_replay_v100_graph_friendly_heavy.jsonl,official_v100_20260625_graph_friendly_heavy,workload_agnostic_tree_policy,0.491268,1.775148,7.35079,4.481256,234.0,131.2
queue_replay_v100_graph_friendly_heavy.jsonl,official_v100_20260625_graph_friendly_heavy,workload_family_holdout_policy,0.564367,1.933036,7.350545,0.0,0.0,738.4
queue_replay_v100_dynamic_irregular_heavy.jsonl,official_v100_20260625_dynamic_irregular_heavy,always_best_eager,0.74017,2.359683,7.332939,0.0,373.6,0.0
queue_replay_v100_dynamic_irregular_heavy.jsonl,official_v100_20260625_dynamic_irregular_heavy,always_compile,1906.16959,3612.593205,0.253916,2458.494138,1000.0,0.0
queue_replay_v100_dynamic_irregular_heavy.jsonl,official_v100_20260625_dynamic_irregular_heavy,always_compile_plus_graphs,708.628766,1317.40113,0.657791,915.6893,422.8,0.0
queue_replay_v100_dynamic_irregular_heavy.jsonl,official_v100_20260625_dynamic_irregular_heavy,always_compile_reduce_overhead,1925.941485,3649.918744,0.251422,2490.920856,1000.0,0.0
queue_replay_v100_dynamic_irregular_heavy.jsonl,official_v100_20260625_dynamic_irregular_heavy,always_cpu,0.759392,2.395162,7.330621,0.0,0.0,0.0
queue_replay_v100_dynamic_irregular_heavy.jsonl,official_v100_20260625_dynamic_irregular_heavy,always_eager,0.759392,2.395162,7.330621,0.0,0.0,658.2
queue_replay_v100_dynamic_irregular_heavy.jsonl,official_v100_20260625_dynamic_irregular_heavy,always_graphs,0.708669,2.293921,7.336005,13.768423,211.2,0.0
queue_replay_v100_dynamic_irregular_heavy.jsonl,official_v100_20260625_dynamic_irregular_heavy,always_graphs_input_copy,0.792869,2.498587,7.327046,23.191034,296.4,0.0
queue_replay_v100_dynamic_irregular_heavy.jsonl,official_v100_20260625_dynamic_irregular_heavy,amort_ablation_startup_only,0.759392,2.395162,7.330621,0.0,0.0,658.2
queue_replay_v100_dynamic_irregular_heavy.jsonl,official_v100_20260625_dynamic_irregular_heavy,amort_ablation_startup_step,0.688699,2.255077,7.33783,4.086192,233.0,182.6
queue_replay_v100_dynamic_irregular_heavy.jsonl,official_v100_20260625_dynamic_irregular_heavy,amort_ablation_startup_step_risk,0.688699,2.255077,7.33783,4.086192,233.0,182.6
queue_replay_v100_dynamic_irregular_heavy.jsonl,official_v100_20260625_dynamic_irregular_heavy,amort_ablation_step_only,0.699,2.275905,7.337072,13.768423,306.6,156.2
queue_replay_v100_dynamic_irregular_heavy.jsonl,official_v100_20260625_dynamic_irregular_heavy,amortization_policy,0.688699,2.255077,7.33783,4.086192,233.0,182.6
queue_replay_v100_dynamic_irregular_heavy.jsonl,official_v100_20260625_dynamic_irregular_heavy,first_k_probe_policy,0.690874,2.257671,7.337569,7.897121,257.0,166.4
queue_replay_v100_dynamic_irregular_heavy.jsonl,official_v100_20260625_dynamic_irregular_heavy,job_length_only,932.327319,1781.042312,0.495214,1226.708745,495.8,309.4
queue_replay_v100_dynamic_irregular_heavy.jsonl,official_v100_20260625_dynamic_irregular_heavy,oracle_best_action,0.675049,2.229737,7.33806,0.0,0.0,0.0
queue_replay_v100_dynamic_irregular_heavy.jsonl,official_v100_20260625_dynamic_irregular_heavy,risk_aware_policy,0.700199,2.275299,7.336921,7.897121,105.2,425.0
queue_replay_v100_dynamic_irregular_heavy.jsonl,official_v100_20260625_dynamic_irregular_heavy,shape_only,129.75287,247.299619,2.569677,180.39424,237.4,369.0
queue_replay_v100_dynamic_irregular_heavy.jsonl,official_v100_20260625_dynamic_irregular_heavy,static_gate_only,0.697723,2.272891,7.33727,4.084013,58.8,477.2
queue_replay_v100_dynamic_irregular_heavy.jsonl,official_v100_20260625_dynamic_irregular_heavy,static_gate_plus_eligibility,0.697723,2.272891,7.33727,4.084013,38.4,497.6
queue_replay_v100_dynamic_irregular_heavy.jsonl,official_v100_20260625_dynamic_irregular_heavy,static_threshold,55.913199,109.727869,4.006208,86.151753,77.8,477.2
queue_replay_v100_dynamic_irregular_heavy.jsonl,official_v100_20260625_dynamic_irregular_heavy,workload_agnostic_logreg_policy,0.70651,2.301438,7.3367,4.496157,308.8,78.6
queue_replay_v100_dynamic_irregular_heavy.jsonl,official_v100_20260625_dynamic_irregular_heavy,workload_agnostic_tree_policy,0.714111,2.309312,7.335431,4.104552,240.2,281.8
queue_replay_v100_dynamic_irregular_heavy.jsonl,official_v100_20260625_dynamic_irregular_heavy,workload_family_holdout_policy,0.759392,2.395162,7.330621,0.0,0.0,658.2
queue_replay_v100_short_step_heavy.jsonl,official_v100_20260625_short_step_heavy,always_best_eager,0.266507,0.922388,7.34037,0.0,418.6,0.0
queue_replay_v100_short_step_heavy.jsonl,official_v100_20260625_short_step_heavy,always_compile,1850.24517,3513.569934,0.260716,2415.216721,1000.0,0.0
queue_replay_v100_short_step_heavy.jsonl,official_v100_20260625_short_step_heavy,always_compile_plus_graphs,1257.078974,2397.23809,0.375413,1665.420021,771.4,0.0
queue_replay_v100_short_step_heavy.jsonl,official_v100_20260625_short_step_heavy,always_compile_reduce_overhead,1863.799478,3539.078992,0.258919,2435.26865,1000.0,0.0
queue_replay_v100_short_step_heavy.jsonl,official_v100_20260625_short_step_heavy,always_cpu,0.269059,0.935579,7.340299,0.0,0.0,0.0
queue_replay_v100_short_step_heavy.jsonl,official_v100_20260625_short_step_heavy,always_eager,0.269059,0.935579,7.340299,0.0,0.0,569.4
queue_replay_v100_short_step_heavy.jsonl,official_v100_20260625_short_step_heavy,always_graphs,0.273348,0.956067,7.339899,34.233303,551.0,0.0
queue_replay_v100_short_step_heavy.jsonl,official_v100_20260625_short_step_heavy,always_graphs_input_copy,0.286551,1.008431,7.338724,41.781962,636.8,0.0
queue_replay_v100_short_step_heavy.jsonl,official_v100_20260625_short_step_heavy,amort_ablation_startup_only,0.269059,0.935579,7.340299,0.0,0.0,569.4
queue_replay_v100_short_step_heavy.jsonl,official_v100_20260625_short_step_heavy,amort_ablation_startup_step,0.260194,0.889746,7.340293,2.52204,301.2,157.6
queue_replay_v100_short_step_heavy.jsonl,official_v100_20260625_short_step_heavy,amort_ablation_startup_step_risk,0.260194,0.889746,7.340293,2.52204,301.2,157.6
queue_replay_v100_short_step_heavy.jsonl,official_v100_20260625_short_step_heavy,amort_ablation_step_only,0.271909,0.9499,7.339959,34.233303,560.0,81.8
queue_replay_v100_short_step_heavy.jsonl,official_v100_20260625_short_step_heavy,amortization_policy,0.260194,0.889746,7.340293,2.52204,301.2,157.6
queue_replay_v100_short_step_heavy.jsonl,official_v100_20260625_short_step_heavy,first_k_probe_policy,0.262151,0.902541,7.34036,9.967602,349.8,128.6
queue_replay_v100_short_step_heavy.jsonl,official_v100_20260625_short_step_heavy,job_length_only,273.507184,511.182186,1.497174,372.981456,157.0,447.6
queue_replay_v100_short_step_heavy.jsonl,official_v100_20260625_short_step_heavy,oracle_best_action,0.257087,0.879342,7.34053,0.0,0.0,0.0
queue_replay_v100_short_step_heavy.jsonl,official_v100_20260625_short_step_heavy,risk_aware_policy,0.263452,0.907456,7.34031,9.967602,155.0,313.8
queue_replay_v100_short_step_heavy.jsonl,official_v100_20260625_short_step_heavy,shape_only,230.143953,439.723336,1.689315,336.335036,577.4,159.8
queue_replay_v100_short_step_heavy.jsonl,official_v100_20260625_short_step_heavy,static_gate_only,0.26144,0.893895,7.340313,2.520678,38.2,468.6
queue_replay_v100_short_step_heavy.jsonl,official_v100_20260625_short_step_heavy,static_gate_plus_eligibility,0.26144,0.893895,7.340313,2.520678,27.8,477.2
queue_replay_v100_short_step_heavy.jsonl,official_v100_20260625_short_step_heavy,static_threshold,21.709138,39.680713,5.690337,51.656141,50.2,468.6
queue_replay_v100_short_step_heavy.jsonl,official_v100_20260625_short_step_heavy,workload_agnostic_logreg_policy,0.263534,0.905964,7.340321,3.177533,308.0,129.4
queue_replay_v100_short_step_heavy.jsonl,official_v100_20260625_short_step_heavy,workload_agnostic_tree_policy,0.265862,0.922034,7.340298,4.117424,190.2,248.6
queue_replay_v100_short_step_heavy.jsonl,official_v100_20260625_short_step_heavy,workload_family_holdout_policy,0.269059,0.935579,7.340299,0.0,0.0,569.4
queue_replay_a100_graph_friendly_heavy.jsonl,official_a100_20260626_graph_friendly_heavy,always_best_eager,1.044955,2.897769,4.461266,0.0,338.6,0.0
queue_replay_a100_graph_friendly_heavy.jsonl,official_a100_20260626_graph_friendly_heavy,always_compile,2420.49324,4594.923443,0.197536,3172.532523,1000.0,0.0
queue_replay_a100_graph_friendly_heavy.jsonl,official_a100_20260626_graph_friendly_heavy,always_compile_plus_graphs,2000.573826,3778.379901,0.23746,2630.200313,876.2,0.0
queue_replay_a100_graph_friendly_heavy.jsonl,official_a100_20260626_graph_friendly_heavy,always_compile_reduce_overhead,2445.679243,4642.792163,0.195597,3221.026782,1000.0,0.0
queue_replay_a100_graph_friendly_heavy.jsonl,official_a100_20260626_graph_friendly_heavy,always_cpu,1.116532,3.071102,4.459499,0.0,0.0,0.0
queue_replay_a100_graph_friendly_heavy.jsonl,official_a100_20260626_graph_friendly_heavy,always_eager,1.116532,3.071102,4.459499,0.0,0.0,794.4
queue_replay_a100_graph_friendly_heavy.jsonl,official_a100_20260626_graph_friendly_heavy,always_graphs,0.696591,2.103179,4.467794,41.992718,276.2,0.0
queue_replay_a100_graph_friendly_heavy.jsonl,official_a100_20260626_graph_friendly_heavy,always_graphs_input_copy,0.892942,2.609109,4.465051,104.938354,478.4,0.0
queue_replay_a100_graph_friendly_heavy.jsonl,official_a100_20260626_graph_friendly_heavy,amort_ablation_startup_only,1.116532,3.071102,4.459499,0.0,0.0,794.4
queue_replay_a100_graph_friendly_heavy.jsonl,official_a100_20260626_graph_friendly_heavy,amort_ablation_startup_step,0.680044,2.039152,4.467973,8.032224,169.6,149.2
queue_replay_a100_graph_friendly_heavy.jsonl,official_a100_20260626_graph_friendly_heavy,amort_ablation_startup_step_risk,0.680044,2.039152,4.467973,8.032224,169.6,149.2
queue_replay_a100_graph_friendly_heavy.jsonl,official_a100_20260626_graph_friendly_heavy,amort_ablation_step_only,0.688792,2.074198,4.467794,45.247426,261.0,41.4
queue_replay_a100_graph_friendly_heavy.jsonl,official_a100_20260626_graph_friendly_heavy,amortization_policy,0.680044,2.039152,4.467973,8.032224,169.6,149.2
queue_replay_a100_graph_friendly_heavy.jsonl,official_a100_20260626_graph_friendly_heavy,first_k_probe_policy,0.672414,2.00799,4.467872,18.663533,164.0,94.2
queue_replay_a100_graph_friendly_heavy.jsonl,official_a100_20260626_graph_friendly_heavy,job_length_only,1217.259816,2312.748019,0.375345,1611.785409,506.6,346.0
queue_replay_a100_graph_friendly_heavy.jsonl,official_a100_20260626_graph_friendly_heavy,oracle_best_action,0.648868,1.957425,4.468003,0.0,0.0,0.0
queue_replay_a100_graph_friendly_heavy.jsonl,official_a100_20260626_graph_friendly_heavy,risk_aware_policy,0.68018,2.046792,4.467881,18.580813,116.8,160.4
queue_replay_a100_graph_friendly_heavy.jsonl,official_a100_20260626_graph_friendly_heavy,shape_only,159.012015,303.634002,1.866799,258.475886,303.4,71.6
queue_replay_a100_graph_friendly_heavy.jsonl,official_a100_20260626_graph_friendly_heavy,static_gate_only,0.689501,2.081638,4.467989,6.054951,43.4,392.6
queue_replay_a100_graph_friendly_heavy.jsonl,official_a100_20260626_graph_friendly_heavy,static_gate_plus_eligibility,0.689501,2.081638,4.467989,6.054951,22.8,412.8
queue_replay_a100_graph_friendly_heavy.jsonl,official_a100_20260626_graph_friendly_heavy,static_threshold,72.268668,135.546217,2.757372,116.721331,63.2,392.6
queue_replay_a100_graph_friendly_heavy.jsonl,official_a100_20260626_graph_friendly_heavy,workload_agnostic_logreg_policy,0.705207,2.134933,4.467878,15.147988,210.0,37.4
queue_replay_a100_graph_friendly_heavy.jsonl,official_a100_20260626_graph_friendly_heavy,workload_agnostic_tree_policy,0.707585,2.147323,4.467885,15.147988,171.2,96.0
queue_replay_a100_graph_friendly_heavy.jsonl,official_a100_20260626_graph_friendly_heavy,workload_family_holdout_policy,1.116532,3.071102,4.459499,0.0,0.0,794.4
queue_replay_a100_dynamic_irregular_heavy.jsonl,official_a100_20260626_dynamic_irregular_heavy,always_best_eager,1.81587,4.088949,4.431543,0.0,383.8,0.0
queue_replay_a100_dynamic_irregular_heavy.jsonl,official_a100_20260626_dynamic_irregular_heavy,always_compile,2520.956461,4780.56872,0.190274,3302.93884,1000.0,0.0
queue_replay_a100_dynamic_irregular_heavy.jsonl,official_a100_20260626_dynamic_irregular_heavy,always_compile_plus_graphs,937.412784,1745.140055,0.485975,1231.239708,422.8,0.0
queue_replay_a100_dynamic_irregular_heavy.jsonl,official_a100_20260626_dynamic_irregular_heavy,always_compile_reduce_overhead,2545.84318,4825.656389,0.188564,3346.783554,1000.0,0.0
queue_replay_a100_dynamic_irregular_heavy.jsonl,official_a100_20260626_dynamic_irregular_heavy,always_cpu,1.922372,4.254197,4.426559,0.0,0.0,0.0
queue_replay_a100_dynamic_irregular_heavy.jsonl,official_a100_20260626_dynamic_irregular_heavy,always_eager,1.922372,4.254197,4.426559,0.0,0.0,652.2
queue_replay_a100_dynamic_irregular_heavy.jsonl,official_a100_20260626_dynamic_irregular_heavy,always_graphs,1.381857,3.37043,4.447297,21.498259,158.0,0.0
queue_replay_a100_dynamic_irregular_heavy.jsonl,official_a100_20260626_dynamic_irregular_heavy,always_graphs_input_copy,1.68142,3.83615,4.438068,47.090365,242.0,0.0
queue_replay_a100_dynamic_irregular_heavy.jsonl,official_a100_20260626_dynamic_irregular_heavy,amort_ablation_startup_only,1.922372,4.254197,4.426559,0.0,0.0,652.2
queue_replay_a100_dynamic_irregular_heavy.jsonl,official_a100_20260626_dynamic_irregular_heavy,amort_ablation_startup_step,1.336738,3.271953,4.448484,5.841574,196.4,210.2
queue_replay_a100_dynamic_irregular_heavy.jsonl,official_a100_20260626_dynamic_irregular_heavy,amort_ablation_startup_step_risk,1.336738,3.271953,4.448484,5.841574,196.4,210.2
queue_replay_a100_dynamic_irregular_heavy.jsonl,official_a100_20260626_dynamic_irregular_heavy,amort_ablation_step_only,1.358213,3.321295,4.44791,22.544376,236.2,165.0
queue_replay_a100_dynamic_irregular_heavy.jsonl,official_a100_20260626_dynamic_irregular_heavy,amortization_policy,1.336738,3.271953,4.448484,5.841574,196.4,210.2
queue_replay_a100_dynamic_irregular_heavy.jsonl,official_a100_20260626_dynamic_irregular_heavy,first_k_probe_policy,1.332547,3.263043,4.44857,10.900074,196.8,185.4
queue_replay_a100_dynamic_irregular_heavy.jsonl,official_a100_20260626_dynamic_irregular_heavy,job_length_only,1232.981161,2357.208104,0.368166,1639.315677,495.8,274.8
queue_replay_a100_dynamic_irregular_heavy.jsonl,official_a100_20260626_dynamic_irregular_heavy,oracle_best_action,1.250557,3.158508,4.451532,0.0,0.0,0.0
queue_replay_a100_dynamic_irregular_heavy.jsonl,official_a100_20260626_dynamic_irregular_heavy,risk_aware_policy,1.353674,3.320963,4.447861,10.878954,113.0,296.6
queue_replay_a100_dynamic_irregular_heavy.jsonl,official_a100_20260626_dynamic_irregular_heavy,shape_only,176.226556,337.837502,1.753256,247.829291,187.4,335.2
queue_replay_a100_dynamic_irregular_heavy.jsonl,official_a100_20260626_dynamic_irregular_heavy,static_gate_only,1.359041,3.325221,4.448147,4.9471,43.8,473.4
queue_replay_a100_dynamic_irregular_heavy.jsonl,official_a100_20260626_dynamic_irregular_heavy,static_gate_plus_eligibility,1.359041,3.325221,4.448147,4.9471,23.4,492.6
queue_replay_a100_dynamic_irregular_heavy.jsonl,official_a100_20260626_dynamic_irregular_heavy,static_threshold,78.592899,155.578176,2.594611,117.296486,64.2,473.4
queue_replay_a100_dynamic_irregular_heavy.jsonl,official_a100_20260626_dynamic_irregular_heavy,workload_agnostic_logreg_policy,1.430037,3.441898,4.446111,9.527911,312.8,73.4
queue_replay_a100_dynamic_irregular_heavy.jsonl,official_a100_20260626_dynamic_irregular_heavy,workload_agnostic_tree_policy,1.443387,3.471649,4.445918,9.527911,272.4,167.6
queue_replay_a100_dynamic_irregular_heavy.jsonl,official_a100_20260626_dynamic_irregular_heavy,workload_family_holdout_policy,1.922372,4.254197,4.426559,0.0,0.0,652.2
queue_replay_a100_short_step_heavy.jsonl,official_a100_20260626_short_step_heavy,always_best_eager,0.56858,1.765724,4.467208,0.0,370.6,0.0
queue_replay_a100_short_step_heavy.jsonl,official_a100_20260626_short_step_heavy,always_compile,2451.773552,4656.101639,0.195073,3256.512514,1000.0,0.0
queue_replay_a100_short_step_heavy.jsonl,official_a100_20260626_short_step_heavy,always_compile_plus_graphs,1659.676645,3166.274819,0.280759,2238.110578,771.4,0.0
queue_replay_a100_short_step_heavy.jsonl,official_a100_20260626_short_step_heavy,always_compile_reduce_overhead,2482.096063,4713.887324,0.192818,3306.267853,1000.0,0.0
queue_replay_a100_short_step_heavy.jsonl,official_a100_20260626_short_step_heavy,always_cpu,0.584579,1.806277,4.467199,0.0,0.0,0.0
queue_replay_a100_short_step_heavy.jsonl,official_a100_20260626_short_step_heavy,always_eager,0.584579,1.806277,4.467199,0.0,0.0,637.2
queue_replay_a100_short_step_heavy.jsonl,official_a100_20260626_short_step_heavy,always_graphs,0.566885,1.742557,4.46715,61.853122,440.4,0.0
queue_replay_a100_short_step_heavy.jsonl,official_a100_20260626_short_step_heavy,always_graphs_input_copy,0.617078,1.89045,4.466445,85.371203,554.0,0.0
queue_replay_a100_short_step_heavy.jsonl,official_a100_20260626_short_step_heavy,amort_ablation_startup_only,0.584579,1.806277,4.467199,0.0,0.0,637.2
queue_replay_a100_short_step_heavy.jsonl,official_a100_20260626_short_step_heavy,amort_ablation_startup_step,0.541081,1.685226,4.467149,3.073825,244.8,190.8
queue_replay_a100_short_step_heavy.jsonl,official_a100_20260626_short_step_heavy,amort_ablation_startup_step_risk,0.541081,1.685226,4.467149,3.073825,244.8,190.8
queue_replay_a100_short_step_heavy.jsonl,official_a100_20260626_short_step_heavy,amort_ablation_step_only,0.558094,1.717167,4.46715,62.350725,429.0,50.4
queue_replay_a100_short_step_heavy.jsonl,official_a100_20260626_short_step_heavy,amortization_policy,0.541081,1.685226,4.467149,3.073825,244.8,190.8
queue_replay_a100_short_step_heavy.jsonl,official_a100_20260626_short_step_heavy,first_k_probe_policy,0.541013,1.67969,4.467166,13.93821,257.0,139.2
queue_replay_a100_short_step_heavy.jsonl,official_a100_20260626_short_step_heavy,job_length_only,365.028367,682.674304,1.070299,501.382387,157.0,511.8
queue_replay_a100_short_step_heavy.jsonl,official_a100_20260626_short_step_heavy,oracle_best_action,0.512503,1.592437,4.467352,0.0,0.0,0.0
queue_replay_a100_short_step_heavy.jsonl,official_a100_20260626_short_step_heavy,risk_aware_policy,0.547531,1.704052,4.467177,13.89421,154.6,259.4
queue_replay_a100_short_step_heavy.jsonl,official_a100_20260626_short_step_heavy,shape_only,309.42076,591.087585,1.195088,470.071049,467.8,125.4
queue_replay_a100_short_step_heavy.jsonl,official_a100_20260626_short_step_heavy,static_gate_only,0.54554,1.692033,4.467213,2.447566,23.6,538.2
queue_replay_a100_short_step_heavy.jsonl,official_a100_20260626_short_step_heavy,static_gate_plus_eligibility,0.54554,1.692033,4.467213,2.447566,13.2,545.2
queue_replay_a100_short_step_heavy.jsonl,official_a100_20260626_short_step_heavy,static_threshold,31.875009,58.696079,3.535597,69.374302,38.6,538.2
queue_replay_a100_short_step_heavy.jsonl,official_a100_20260626_short_step_heavy,workload_agnostic_logreg_policy,0.551561,1.721577,4.46716,12.429864,301.4,54.4
queue_replay_a100_short_step_heavy.jsonl,official_a100_20260626_short_step_heavy,workload_agnostic_tree_policy,0.556691,1.733153,4.467193,12.429864,267.2,169.0
queue_replay_a100_short_step_heavy.jsonl,official_a100_20260626_short_step_heavy,workload_family_holdout_policy,0.584579,1.806277,4.467199,0.0,0.0,637.2
queue_replay_h100_graph_friendly_heavy.jsonl,official_h100_20260627_graph_friendly_heavy,always_best_eager,0.756289,2.146171,4.594879,0.0,439.0,0.0
queue_replay_h100_graph_friendly_heavy.jsonl,official_h100_20260627_graph_friendly_heavy,always_compile,1777.546516,3376.664981,0.265058,2460.158811,1000.0,0.0
queue_replay_h100_graph_friendly_heavy.jsonl,official_h100_20260627_graph_friendly_heavy,always_compile_plus_graphs,1462.020344,2761.668956,0.319295,2036.030906,876.2,0.0
queue_replay_h100_graph_friendly_heavy.jsonl,official_h100_20260627_graph_friendly_heavy,always_compile_reduce_overhead,1789.545251,3399.431026,0.26339,2482.897448,1000.0,0.0
queue_replay_h100_graph_friendly_heavy.jsonl,official_h100_20260627_graph_friendly_heavy,always_cpu,0.765457,2.170772,4.594819,0.0,0.0,0.0
queue_replay_h100_graph_friendly_heavy.jsonl,official_h100_20260627_graph_friendly_heavy,always_eager,0.765457,2.170772,4.594819,0.0,0.0,675.8
queue_replay_h100_graph_friendly_heavy.jsonl,official_h100_20260627_graph_friendly_heavy,always_graphs,0.703236,2.014881,4.594966,78.128616,491.8,0.0
queue_replay_h100_graph_friendly_heavy.jsonl,official_h100_20260627_graph_friendly_heavy,always_graphs_input_copy,0.780884,2.19978,4.594776,106.481784,617.6,0.0
queue_replay_h100_graph_friendly_heavy.jsonl,official_h100_20260627_graph_friendly_heavy,amort_ablation_startup_only,0.765457,2.170772,4.594819,0.0,0.0,675.8
queue_replay_h100_graph_friendly_heavy.jsonl,official_h100_20260627_graph_friendly_heavy,amort_ablation_startup_step,0.672186,1.933174,4.595091,22.91535,220.6,184.2
queue_replay_h100_graph_friendly_heavy.jsonl,official_h100_20260627_graph_friendly_heavy,amort_ablation_startup_step_risk,0.672186,1.933174,4.595091,22.91535,220.6,184.2
queue_replay_h100_graph_friendly_heavy.jsonl,official_h100_20260627_graph_friendly_heavy,amort_ablation_step_only,0.701263,2.007202,4.594966,78.128616,487.0,43.8
queue_replay_h100_graph_friendly_heavy.jsonl,official_h100_20260627_graph_friendly_heavy,amortization_policy,0.672186,1.933174,4.595091,22.91535,220.6,184.2
queue_replay_h100_graph_friendly_heavy.jsonl,official_h100_20260627_graph_friendly_heavy,first_k_probe_policy,0.682694,1.964975,4.595026,50.039392,342.6,97.4
queue_replay_h100_graph_friendly_heavy.jsonl,official_h100_20260627_graph_friendly_heavy,job_length_only,890.863147,1693.979265,0.498866,1246.702968,506.6,295.8
queue_replay_h100_graph_friendly_heavy.jsonl,official_h100_20260627_graph_friendly_heavy,oracle_best_action,0.648559,1.885653,4.595146,0.0,0.0,0.0
queue_replay_h100_graph_friendly_heavy.jsonl,official_h100_20260627_graph_friendly_heavy,risk_aware_policy,0.682453,1.961356,4.595023,50.039392,288.2,144.0
queue_replay_h100_graph_friendly_heavy.jsonl,official_h100_20260627_graph_friendly_heavy,shape_only,116.870377,223.950264,2.235684,243.45787,513.0,60.6
queue_replay_h100_graph_friendly_heavy.jsonl,official_h100_20260627_graph_friendly_heavy,static_gate_only,0.67813,1.956604,4.595062,23.420378,141.8,338.6
queue_replay_h100_graph_friendly_heavy.jsonl,official_h100_20260627_graph_friendly_heavy,static_gate_plus_eligibility,0.67813,1.956604,4.595062,23.420378,121.2,354.8
queue_replay_h100_graph_friendly_heavy.jsonl,official_h100_20260627_graph_friendly_heavy,static_threshold,52.972956,99.93857,3.129036,107.755621,158.4,338.6
queue_replay_h100_graph_friendly_heavy.jsonl,official_h100_20260627_graph_friendly_heavy,workload_agnostic_logreg_policy,0.686035,1.986027,4.59508,7.824835,271.6,192.6
queue_replay_h100_graph_friendly_heavy.jsonl,official_h100_20260627_graph_friendly_heavy,workload_agnostic_tree_policy,0.683657,1.978851,4.595083,2.079789,241.2,189.6
queue_replay_h100_graph_friendly_heavy.jsonl,official_h100_20260627_graph_friendly_heavy,workload_family_holdout_policy,0.765457,2.170772,4.594819,0.0,0.0,675.8
queue_replay_h100_dynamic_irregular_heavy.jsonl,official_h100_20260627_dynamic_irregular_heavy,always_best_eager,1.34958,3.158949,4.579602,0.0,487.2,0.0
queue_replay_h100_dynamic_irregular_heavy.jsonl,official_h100_20260627_dynamic_irregular_heavy,always_compile,1861.689966,3531.101805,0.254148,2569.352989,1000.0,0.0
queue_replay_h100_dynamic_irregular_heavy.jsonl,official_h100_20260627_dynamic_irregular_heavy,always_compile_plus_graphs,682.887904,1271.060827,0.643933,952.403825,422.8,0.0
queue_replay_h100_dynamic_irregular_heavy.jsonl,official_h100_20260627_dynamic_irregular_heavy,always_compile_reduce_overhead,1880.753189,3566.769174,0.251761,2601.107533,1000.0,0.0
queue_replay_h100_dynamic_irregular_heavy.jsonl,official_h100_20260627_dynamic_irregular_heavy,always_cpu,1.369709,3.195718,4.578189,0.0,0.0,0.0
queue_replay_h100_dynamic_irregular_heavy.jsonl,official_h100_20260627_dynamic_irregular_heavy,always_eager,1.369709,3.195718,4.578189,0.0,0.0,538.2
queue_replay_h100_dynamic_irregular_heavy.jsonl,official_h100_20260627_dynamic_irregular_heavy,always_graphs,1.246072,2.974692,4.583485,33.235407,222.6,0.0
queue_replay_h100_dynamic_irregular_heavy.jsonl,official_h100_20260627_dynamic_irregular_heavy,always_graphs_input_copy,1.381748,3.221749,4.5774,48.644491,286.0,0.0
queue_replay_h100_dynamic_irregular_heavy.jsonl,official_h100_20260627_dynamic_irregular_heavy,amort_ablation_startup_only,1.369709,3.195718,4.578189,0.0,0.0,538.2
queue_replay_h100_dynamic_irregular_heavy.jsonl,official_h100_20260627_dynamic_irregular_heavy,amort_ablation_startup_step,1.205148,2.905845,4.584702,8.920037,237.0,244.8
queue_replay_h100_dynamic_irregular_heavy.jsonl,official_h100_20260627_dynamic_irregular_heavy,amort_ablation_startup_step_risk,1.205148,2.905845,4.584702,8.920037,237.0,244.8
queue_replay_h100_dynamic_irregular_heavy.jsonl,official_h100_20260627_dynamic_irregular_heavy,amort_ablation_step_only,1.240016,2.958206,4.583729,33.235407,345.2,189.4
queue_replay_h100_dynamic_irregular_heavy.jsonl,official_h100_20260627_dynamic_irregular_heavy,amortization_policy,1.205148,2.905845,4.584702,8.920037,237.0,244.8
queue_replay_h100_dynamic_irregular_heavy.jsonl,official_h100_20260627_dynamic_irregular_heavy,first_k_probe_policy,1.217748,2.91479,4.584339,20.617717,286.6,212.0
queue_replay_h100_dynamic_irregular_heavy.jsonl,official_h100_20260627_dynamic_irregular_heavy,job_length_only,911.562313,1744.059937,0.484934,1279.7005,495.8,202.8
queue_replay_h100_dynamic_irregular_heavy.jsonl,official_h100_20260627_dynamic_irregular_heavy,oracle_best_action,1.142514,2.787754,4.585878,0.0,0.0,0.0
queue_replay_h100_dynamic_irregular_heavy.jsonl,official_h100_20260627_dynamic_irregular_heavy,risk_aware_policy,1.210779,2.90824,4.58427,20.617717,163.0,250.8
queue_replay_h100_dynamic_irregular_heavy.jsonl,official_h100_20260627_dynamic_irregular_heavy,shape_only,128.624608,247.482708,2.122309,205.81845,246.8,259.2
queue_replay_h100_dynamic_irregular_heavy.jsonl,official_h100_20260627_dynamic_irregular_heavy,static_gate_only,1.215832,2.918445,4.584171,9.303701,64.6,375.8
queue_replay_h100_dynamic_irregular_heavy.jsonl,official_h100_20260627_dynamic_irregular_heavy,static_gate_plus_eligibility,1.215832,2.918445,4.584171,9.303701,44.2,392.4
queue_replay_h100_dynamic_irregular_heavy.jsonl,official_h100_20260627_dynamic_irregular_heavy,static_threshold,57.095674,114.043218,2.979781,95.273563,83.6,375.8
queue_replay_h100_dynamic_irregular_heavy.jsonl,official_h100_20260627_dynamic_irregular_heavy,workload_agnostic_logreg_policy,1.248351,2.985914,4.583678,3.161267,178.4,276.4
queue_replay_h100_dynamic_irregular_heavy.jsonl,official_h100_20260627_dynamic_irregular_heavy,workload_agnostic_tree_policy,1.240309,2.978767,4.583909,0.615149,149.4,240.6
queue_replay_h100_dynamic_irregular_heavy.jsonl,official_h100_20260627_dynamic_irregular_heavy,workload_family_holdout_policy,1.369709,3.195718,4.578189,0.0,0.0,538.2
queue_replay_h100_short_step_heavy.jsonl,official_h100_20260627_short_step_heavy,always_best_eager,0.675316,1.963388,4.593832,0.0,471.6,0.0
queue_replay_h100_short_step_heavy.jsonl,official_h100_20260627_short_step_heavy,always_compile,1800.577301,3421.337617,0.261816,2521.94953,1000.0,0.0
queue_replay_h100_short_step_heavy.jsonl,official_h100_20260627_short_step_heavy,always_compile_plus_graphs,1215.957753,2319.747099,0.375532,1732.162301,771.4,0.0
queue_replay_h100_short_step_heavy.jsonl,official_h100_20260627_short_step_heavy,always_compile_reduce_overhead,1823.179357,3462.674145,0.258885,2553.98376,1000.0,0.0
queue_replay_h100_short_step_heavy.jsonl,official_h100_20260627_short_step_heavy,always_cpu,0.681461,1.984176,4.593805,0.0,0.0,0.0
queue_replay_h100_short_step_heavy.jsonl,official_h100_20260627_short_step_heavy,always_eager,0.681461,1.984176,4.593805,0.0,0.0,501.8
queue_replay_h100_short_step_heavy.jsonl,official_h100_20260627_short_step_heavy,always_graphs,0.700908,2.030574,4.593473,81.403286,559.6,0.0
queue_replay_h100_short_step_heavy.jsonl,official_h100_20260627_short_step_heavy,always_graphs_input_copy,0.723184,2.084495,4.593298,87.248113,606.2,0.0
queue_replay_h100_short_step_heavy.jsonl,official_h100_20260627_short_step_heavy,amort_ablation_startup_only,0.681461,1.984176,4.593805,0.0,0.0,501.8
queue_replay_h100_short_step_heavy.jsonl,official_h100_20260627_short_step_heavy,amort_ablation_startup_step,0.661537,1.945462,4.593765,6.462614,256.8,210.8
queue_replay_h100_short_step_heavy.jsonl,official_h100_20260627_short_step_heavy,amort_ablation_startup_step_risk,0.661537,1.945462,4.593765,6.462614,256.8,210.8
queue_replay_h100_short_step_heavy.jsonl,official_h100_20260627_short_step_heavy,amort_ablation_step_only,0.700106,2.022841,4.593426,81.403286,598.8,61.0
queue_replay_h100_short_step_heavy.jsonl,official_h100_20260627_short_step_heavy,amortization_policy,0.661537,1.945462,4.593765,6.462614,256.8,210.8
queue_replay_h100_short_step_heavy.jsonl,official_h100_20260627_short_step_heavy,first_k_probe_policy,0.670653,1.963921,4.593704,28.997541,357.2,147.4
queue_replay_h100_short_step_heavy.jsonl,official_h100_20260627_short_step_heavy,job_length_only,267.603314,501.288092,1.352766,388.403395,157.0,392.6
queue_replay_h100_short_step_heavy.jsonl,official_h100_20260627_short_step_heavy,oracle_best_action,0.636341,1.887958,4.594005,0.0,0.0,0.0
queue_replay_h100_short_step_heavy.jsonl,official_h100_20260627_short_step_heavy,risk_aware_policy,0.668277,1.966392,4.593725,28.997541,230.6,230.6
queue_replay_h100_short_step_heavy.jsonl,official_h100_20260627_short_step_heavy,shape_only,226.391398,433.5583,1.499406,392.952339,579.8,78.4
queue_replay_h100_short_step_heavy.jsonl,official_h100_20260627_short_step_heavy,static_gate_only,0.666383,1.964476,4.593765,6.757529,44.0,416.2
queue_replay_h100_short_step_heavy.jsonl,official_h100_20260627_short_step_heavy,static_gate_plus_eligibility,0.666383,1.964476,4.593765,6.757529,33.6,422.0
queue_replay_h100_short_step_heavy.jsonl,official_h100_20260627_short_step_heavy,static_threshold,23.872522,44.407872,3.815532,57.99039,56.0,416.2
queue_replay_h100_short_step_heavy.jsonl,official_h100_20260627_short_step_heavy,workload_agnostic_logreg_policy,0.670884,1.957801,4.593825,1.967333,215.4,270.4
queue_replay_h100_short_step_heavy.jsonl,official_h100_20260627_short_step_heavy,workload_agnostic_tree_policy,0.672618,1.961963,4.593828,0.175757,228.2,270.0
queue_replay_h100_short_step_heavy.jsonl,official_h100_20260627_short_step_heavy,workload_family_holdout_policy,0.681461,1.984176,4.593805,0.0,0.0,501.8
