device,load_level,mean_arrival_rate_lambda,mean_effective_offered_load,mean_missed_opportunity_count,mean_p95_completion_time_s,mean_p95_wait_time_s,mean_service_time_s,mean_throughput_jobs_per_s,mean_wasted_optimization_overhead_s,mean_wrong_admit_count,num_seeds,policy,target_utilization,unstable_seed_count
RTX 4060,heavy,5.8366,0.899176,294.2,9.784595,9.635844,0.154058,5.750837,0.0,0.0,5,always_best_eager,0.9,1
RTX 4060,heavy,5.8366,17.257956,0.0,2648.568069,2645.457893,2.956851,0.338212,1953.53935,1000.0,5,always_compile,0.9,5
RTX 4060,heavy,5.8366,11.887112,0.0,1773.742878,1773.13047,2.03665,0.491038,1326.560724,767.0,5,always_compile_plus_graphs,0.9,5
RTX 4060,heavy,5.8366,17.308356,0.0,2656.819515,2653.670677,2.965486,0.337227,1957.997798,1000.0,5,always_compile_reduce_overhead,0.9,5
RTX 4060,heavy,5.8366,0.899176,0.0,9.784595,9.635844,0.154058,5.750837,0.0,0.0,5,always_cpu,0.9,1
RTX 4060,heavy,5.8366,0.903308,294.2,9.908258,9.755444,0.154766,5.750028,0.0,0.0,5,always_eager,0.9,1
RTX 4060,heavy,5.8366,0.893813,0.0,9.781862,9.631758,0.153139,5.749895,25.475245,383.2,5,always_graphs,0.9,1
RTX 4060,heavy,5.8366,0.916424,0.0,10.692948,10.530927,0.157013,5.741107,37.70035,562.6,5,always_graphs_input_copy,0.9,1
RTX 4060,heavy,5.8366,0.903308,294.2,9.908258,9.755444,0.154766,5.750028,0.0,0.0,5,amort_ablation_startup_only,0.9,1
RTX 4060,heavy,5.8366,0.889331,62.0,9.636101,9.489376,0.152371,5.751381,6.163545,61.6,5,amort_ablation_startup_step,0.9,0
RTX 4060,heavy,5.8366,0.889331,62.0,9.636101,9.489376,0.152371,5.751381,6.163545,61.6,5,amort_ablation_startup_step_risk,0.9,0
RTX 4060,heavy,5.8366,0.894755,0.0,9.807114,9.657351,0.153301,5.749597,25.475245,307.8,5,amort_ablation_step_only,0.9,1
RTX 4060,heavy,5.8366,0.889331,62.0,9.636101,9.489376,0.152371,5.751381,6.163545,61.6,5,amortization_policy,0.9,0
RTX 4060,heavy,5.8366,0.890885,5.8,9.678204,9.535013,0.152638,5.75089,13.490046,155.0,5,first_k_probe_policy,0.9,0
RTX 4060,heavy,5.8366,8.982155,62.0,1307.602586,1306.703645,1.538936,0.649941,970.166187,496.0,5,job_length_only,0.9,5
RTX 4060,heavy,5.8366,0.88131,0.0,9.256404,9.108932,0.150997,5.75481,0.0,0.0,5,oracle_best_action,0.9,0
RTX 4060,heavy,5.8366,0.890292,5.8,9.65733,9.511011,0.152536,5.750879,12.92301,151.2,5,risk_aware_policy,0.9,0
RTX 4060,heavy,5.8366,3.129883,0.0,349.406251,349.007183,0.536251,1.869862,274.623425,434.2,5,shape_only,0.9,5
RTX 4060,heavy,5.8366,0.889996,62.0,9.654946,9.509785,0.152485,5.751217,6.163545,103.4,5,static_gate_only,0.9,0
RTX 4060,heavy,5.8366,0.890323,62.0,9.668853,9.520047,0.152541,5.751037,6.163545,61.6,5,static_gate_plus_eligibility,0.9,0
RTX 4060,heavy,5.8366,2.082877,62.0,176.79538,176.428774,0.356865,2.80621,139.615381,138.4,5,static_threshold,0.9,5
RTX 4060,heavy,5.8366,0.892994,118.0,9.73099,9.573718,0.152999,5.750677,6.426749,63.6,5,workload_agnostic_logreg_policy,0.9,0
RTX 4060,heavy,5.8366,0.89242,97.0,9.713763,9.553323,0.152901,5.750843,5.818685,57.6,5,workload_agnostic_tree_policy,0.9,0
RTX 4060,heavy,5.8366,0.903308,294.2,9.908258,9.755444,0.154766,5.750028,0.0,0.0,5,workload_family_holdout_policy,0.9,1
RTX 4060,light,2.269789,0.34968,294.2,2.293476,1.975145,0.154058,2.267363,0.0,0.0,5,always_best_eager,0.35,0
RTX 4060,light,2.269789,6.711428,0.0,2391.81351,2388.703334,2.956851,0.338212,1953.53935,1000.0,5,always_compile,0.35,5
RTX 4060,light,2.269789,4.622766,0.0,1517.067035,1516.127492,2.03665,0.490982,1326.560724,767.0,5,always_compile_plus_graphs,0.35,5
RTX 4060,light,2.269789,6.731027,0.0,2400.064956,2396.916119,2.965486,0.337227,1957.997798,1000.0,5,always_compile_reduce_overhead,0.35,5
RTX 4060,light,2.269789,0.34968,0.0,2.293476,1.975145,0.154058,2.267363,0.0,0.0,5,always_cpu,0.35,0
RTX 4060,light,2.269789,0.351287,294.2,2.294119,1.97856,0.154766,2.267354,0.0,0.0,5,always_eager,0.35,0
RTX 4060,light,2.269789,0.347594,0.0,2.332098,2.042946,0.153139,2.267376,25.475245,383.2,5,always_graphs,0.35,0
RTX 4060,light,2.269789,0.356387,0.0,2.376984,2.105222,0.157013,2.267329,37.70035,562.6,5,always_graphs_input_copy,0.35,0
RTX 4060,light,2.269789,0.351287,294.2,2.294119,1.97856,0.154766,2.267354,0.0,0.0,5,amort_ablation_startup_only,0.35,0
RTX 4060,light,2.269789,0.345851,62.0,2.325207,2.039868,0.152371,2.26737,6.163545,61.6,5,amort_ablation_startup_step,0.35,0
RTX 4060,light,2.269789,0.345851,62.0,2.325207,2.039868,0.152371,2.26737,6.163545,61.6,5,amort_ablation_startup_step_risk,0.35,0
RTX 4060,light,2.269789,0.347961,0.0,2.331577,2.042434,0.153301,2.267369,25.475245,307.8,5,amort_ablation_step_only,0.35,0
RTX 4060,light,2.269789,0.345851,62.0,2.325207,2.039868,0.152371,2.26737,6.163545,61.6,5,amortization_policy,0.35,0
RTX 4060,light,2.269789,0.346455,5.8,2.325179,2.040437,0.152638,2.267369,13.490046,155.0,5,first_k_probe_policy,0.35,0
RTX 4060,light,2.269789,3.49306,62.0,1050.872474,1049.610709,1.538936,0.649891,970.166187,496.0,5,job_length_only,0.35,5
RTX 4060,light,2.269789,0.342732,0.0,2.267122,1.940515,0.150997,2.267397,0.0,0.0,5,oracle_best_action,0.35,0
RTX 4060,light,2.269789,0.346225,5.8,2.326303,2.039004,0.152536,2.267367,12.92301,151.2,5,risk_aware_policy,0.35,0
RTX 4060,light,2.269789,1.217177,0.0,98.927494,98.448748,0.536251,1.855262,274.623425,434.2,5,shape_only,0.35,5
RTX 4060,light,2.269789,0.34611,62.0,2.327154,2.039027,0.152485,2.267368,6.163545,103.4,5,static_gate_only,0.35,0
RTX 4060,light,2.269789,0.346237,62.0,2.326983,2.039027,0.152541,2.267368,6.163545,61.6,5,static_gate_plus_eligibility,0.35,0
RTX 4060,light,2.269789,0.810008,62.0,14.238603,13.73514,0.356865,2.251363,139.615381,138.4,5,static_threshold,0.35,0
RTX 4060,light,2.269789,0.347275,118.0,2.32698,2.038288,0.152999,2.267377,6.426749,63.6,5,workload_agnostic_logreg_policy,0.35,0
RTX 4060,light,2.269789,0.347052,97.0,2.326138,2.03712,0.152901,2.267377,5.818685,57.6,5,workload_agnostic_tree_policy,0.35,0
RTX 4060,light,2.269789,0.351287,294.2,2.294119,1.97856,0.154766,2.267354,0.0,0.0,5,workload_family_holdout_policy,0.35,0
RTX 4060,medium,4.215322,0.649405,294.2,4.61489,4.334875,0.154058,4.199699,0.0,0.0,5,always_best_eager,0.65,0
RTX 4060,medium,4.215322,12.464079,0.0,2585.726044,2582.615868,2.956851,0.338212,1953.53935,1000.0,5,always_compile,0.65,5
RTX 4060,medium,4.215322,8.585136,0.0,1710.988877,1710.275307,2.03665,0.491027,1326.560724,767.0,5,always_compile_plus_graphs,0.65,5
RTX 4060,medium,4.215322,12.500478,0.0,2593.97749,2590.828652,2.965486,0.337227,1957.997798,1000.0,5,always_compile_reduce_overhead,0.65,5
RTX 4060,medium,4.215322,0.649405,0.0,4.61489,4.334875,0.154058,4.199699,0.0,0.0,5,always_cpu,0.65,0
RTX 4060,medium,4.215322,0.65239,294.2,4.633727,4.354088,0.154766,4.199634,0.0,0.0,5,always_eager,0.65,0
RTX 4060,medium,4.215322,0.645532,0.0,4.705426,4.418083,0.153139,4.199651,25.475245,383.2,5,always_graphs,0.65,0
RTX 4060,medium,4.215322,0.661862,0.0,4.86878,4.608408,0.157013,4.199213,37.70035,562.6,5,always_graphs_input_copy,0.65,0
RTX 4060,medium,4.215322,0.65239,294.2,4.633727,4.354088,0.154766,4.199634,0.0,0.0,5,amort_ablation_startup_only,0.65,0
RTX 4060,medium,4.215322,0.642295,62.0,4.668655,4.399551,0.152371,4.199636,6.163545,61.6,5,amort_ablation_startup_step,0.65,0
RTX 4060,medium,4.215322,0.642295,62.0,4.668655,4.399551,0.152371,4.199636,6.163545,61.6,5,amort_ablation_startup_step_risk,0.65,0
RTX 4060,medium,4.215322,0.646212,0.0,4.714776,4.428451,0.153301,4.199594,25.475245,307.8,5,amort_ablation_step_only,0.65,0
RTX 4060,medium,4.215322,0.642295,62.0,4.668655,4.399551,0.152371,4.199636,6.163545,61.6,5,amortization_policy,0.65,0
RTX 4060,medium,4.215322,0.643417,5.8,4.682834,4.406635,0.152638,4.199636,13.490046,155.0,5,first_k_probe_policy,0.65,0
RTX 4060,medium,4.215322,6.487112,62.0,1244.740085,1243.837807,1.538936,0.649929,970.166187,496.0,5,job_length_only,0.65,5
RTX 4060,medium,4.215322,0.636502,0.0,4.501115,4.257395,0.150997,4.199948,0.0,0.0,5,oracle_best_action,0.65,0
RTX 4060,medium,4.215322,0.642988,5.8,4.668907,4.402455,0.152536,4.199629,12.92301,151.2,5,risk_aware_policy,0.65,0
RTX 4060,medium,4.215322,2.260471,0.0,286.501837,286.208364,0.536251,1.869803,274.623425,434.2,5,shape_only,0.65,5
RTX 4060,medium,4.215322,0.642775,62.0,4.673945,4.404106,0.152485,4.199669,6.163545,103.4,5,static_gate_only,0.65,0
RTX 4060,medium,4.215322,0.643011,62.0,4.674369,4.409385,0.152541,4.199629,6.163545,61.6,5,static_gate_plus_eligibility,0.65,0
RTX 4060,medium,4.215322,1.5043,62.0,115.183856,114.886826,0.356865,2.797254,139.615381,138.4,5,static_threshold,0.65,5
RTX 4060,medium,4.215322,0.64494,118.0,4.676973,4.403932,0.152999,4.199686,6.426749,63.6,5,workload_agnostic_logreg_policy,0.65,0
RTX 4060,medium,4.215322,0.644525,97.0,4.673289,4.39842,0.152901,4.199689,5.818685,57.6,5,workload_agnostic_tree_policy,0.65,0
RTX 4060,medium,4.215322,0.65239,294.2,4.633727,4.354088,0.154766,4.199634,0.0,0.0,5,workload_family_holdout_policy,0.65,0
V100,heavy,7.213229,0.918544,281.2,4.144659,3.994049,0.127342,7.149697,0.0,0.0,5,always_best_eager,0.9,0
V100,heavy,7.213229,28.112081,0.0,3572.526542,3568.399622,3.897295,0.256594,2437.314425,1000.0,5,always_compile,0.9,5
V100,heavy,7.213229,19.395462,0.0,2424.257459,2423.496338,2.688874,0.371919,1665.646686,767.0,5,always_compile_plus_graphs,0.9,5
V100,heavy,7.213229,28.304369,0.0,3597.704256,3593.501186,3.923953,0.25485,2459.164939,1000.0,5,always_compile_reduce_overhead,0.9,5
V100,heavy,7.213229,0.918544,0.0,4.144659,3.994049,0.127342,7.149697,0.0,0.0,5,always_cpu,0.9,0
V100,heavy,7.213229,0.922925,281.2,4.270427,4.111467,0.127949,7.148264,0.0,0.0,5,always_eager,0.9,0
V100,heavy,7.213229,0.898813,0.0,3.740376,3.587729,0.124606,7.156652,24.745623,412.0,5,always_graphs,0.9,0
V100,heavy,7.213229,0.928439,0.0,4.500742,4.374233,0.128713,7.144416,33.715088,553.0,5,always_graphs_input_copy,0.9,0
V100,heavy,7.213229,0.922925,281.2,4.270427,4.111467,0.127949,7.148264,0.0,0.0,5,amort_ablation_startup_only,0.9,0
V100,heavy,7.213229,0.893641,58.8,3.648613,3.49935,0.123889,7.158399,6.951948,80.4,5,amort_ablation_startup_step,0.9,0
V100,heavy,7.213229,0.893641,58.8,3.648613,3.49935,0.123889,7.158399,6.951948,80.4,5,amort_ablation_startup_step_risk,0.9,0
V100,heavy,7.213229,0.899415,0.0,3.759625,3.604079,0.12469,7.156552,24.745623,336.6,5,amort_ablation_step_only,0.9,0
V100,heavy,7.213229,0.893641,58.8,3.648613,3.49935,0.123889,7.158399,6.951948,80.4,5,amortization_policy,0.9,0
V100,heavy,7.213229,0.894961,0.0,3.674221,3.526256,0.124072,7.158071,13.420481,174.4,5,first_k_probe_policy,0.9,0
V100,heavy,7.213229,14.401218,58.8,1775.678812,1774.420246,1.996501,0.501,1209.923445,496.0,5,job_length_only,0.9,5
V100,heavy,7.213229,0.888966,0.0,3.545123,3.391063,0.123241,7.159615,0.0,0.0,5,oracle_best_action,0.9,0
V100,heavy,7.213229,0.8963,0.0,3.704641,3.551378,0.124258,7.157643,13.420481,174.4,5,risk_aware_policy,0.9,0
V100,heavy,7.213229,4.573529,0.0,473.371366,473.060232,0.634047,1.580364,328.977632,463.0,5,shape_only,0.9,5
V100,heavy,7.213229,0.894075,58.8,3.654782,3.505953,0.123949,7.158287,6.94868,122.2,5,static_gate_only,0.9,0
V100,heavy,7.213229,0.894862,58.8,3.676219,3.526238,0.124058,7.158073,6.94868,80.4,5,static_gate_plus_eligibility,0.9,0
V100,heavy,7.213229,2.848624,58.8,243.211845,242.917837,0.394917,2.533372,169.183501,157.2,5,static_threshold,0.9,5
V100,heavy,7.213229,0.899814,128.2,3.750096,3.588454,0.124745,7.156149,7.515768,87.2,5,workload_agnostic_logreg_policy,0.9,0
V100,heavy,7.213229,0.901961,168.2,3.78597,3.630203,0.125043,7.155559,6.932886,53.8,5,workload_agnostic_tree_policy,0.9,0
V100,heavy,7.213229,0.922925,281.2,4.270427,4.111467,0.127949,7.148264,0.0,0.0,5,workload_family_holdout_policy,0.9,0
V100,light,2.805145,0.357212,281.2,0.781548,0.534687,0.127342,2.802998,0.0,0.0,5,always_best_eager,0.35,0
V100,light,2.805145,10.932478,0.0,3364.773036,3360.646115,3.897295,0.256594,2437.314425,1000.0,5,always_compile,0.35,5
V100,light,2.805145,7.542681,0.0,2216.790795,2215.722575,2.688874,0.371895,1665.646686,767.0,5,always_compile_plus_graphs,0.35,5
V100,light,2.805145,11.007256,0.0,3389.950749,3385.74768,3.923953,0.25485,2459.164939,1000.0,5,always_compile_reduce_overhead,0.35,5
V100,light,2.805145,0.357212,0.0,0.781548,0.534687,0.127342,2.802998,0.0,0.0,5,always_cpu,0.35,0
V100,light,2.805145,0.358916,281.2,0.785816,0.540982,0.127949,2.802962,0.0,0.0,5,always_eager,0.35,0
V100,light,2.805145,0.349539,0.0,0.77073,0.523349,0.124606,2.803077,24.745623,412.0,5,always_graphs,0.35,0
V100,light,2.805145,0.36106,0.0,0.81675,0.551927,0.128713,2.802925,33.715088,553.0,5,always_graphs_input_copy,0.35,0
V100,light,2.805145,0.358916,281.2,0.785816,0.540982,0.127949,2.802962,0.0,0.0,5,amort_ablation_startup_only,0.35,0
V100,light,2.805145,0.347527,58.8,0.769039,0.522208,0.123889,2.803078,6.951948,80.4,5,amort_ablation_startup_step,0.35,0
V100,light,2.805145,0.347527,58.8,0.769039,0.522208,0.123889,2.803078,6.951948,80.4,5,amort_ablation_startup_step_risk,0.35,0
V100,light,2.805145,0.349772,0.0,0.771863,0.524342,0.12469,2.803075,24.745623,336.6,5,amort_ablation_step_only,0.35,0
V100,light,2.805145,0.347527,58.8,0.769039,0.522208,0.123889,2.803078,6.951948,80.4,5,amortization_policy,0.35,0
V100,light,2.805145,0.348041,0.0,0.770632,0.523695,0.124072,2.803075,13.420481,174.4,5,first_k_probe_policy,0.35,0
V100,light,2.805145,5.600474,58.8,1567.854866,1566.604781,1.996501,0.500977,1209.923445,496.0,5,job_length_only,0.35,5
V100,light,2.805145,0.345709,0.0,0.763896,0.51945,0.123241,2.803087,0.0,0.0,5,oracle_best_action,0.35,0
V100,light,2.805145,0.348561,0.0,0.773419,0.525367,0.124258,2.803056,13.420481,174.4,5,risk_aware_policy,0.35,0
V100,light,2.805145,1.778595,0.0,265.832906,265.434234,0.634047,1.578897,328.977632,463.0,5,shape_only,0.35,5
V100,light,2.805145,0.347696,58.8,0.769323,0.521463,0.123949,2.803069,6.94868,122.2,5,static_gate_only,0.35,0
V100,light,2.805145,0.348002,58.8,0.7715,0.52438,0.124058,2.803059,6.94868,80.4,5,static_gate_plus_eligibility,0.35,0
V100,light,2.805145,1.107799,58.8,58.35814,58.057973,0.394917,2.477963,169.183501,157.2,5,static_threshold,0.35,5
V100,light,2.805145,0.349928,128.2,0.769805,0.522479,0.124745,2.803077,7.515768,87.2,5,workload_agnostic_logreg_policy,0.35,0
V100,light,2.805145,0.350763,168.2,0.771168,0.52452,0.125043,2.803075,6.932886,53.8,5,workload_agnostic_tree_policy,0.35,0
V100,light,2.805145,0.358916,281.2,0.785816,0.540982,0.127949,2.802962,0.0,0.0,5,workload_family_holdout_policy,0.35,0
V100,medium,5.209554,0.663393,281.2,1.476989,1.289172,0.127342,5.197656,0.0,0.0,5,always_best_eager,0.65,0
V100,medium,5.209554,20.303169,0.0,3521.677782,3517.550861,3.897295,0.256594,2437.314425,1000.0,5,always_compile,0.65,5
V100,medium,5.209554,14.007833,0.0,2373.464609,2372.618406,2.688874,0.371917,1665.646686,767.0,5,always_compile_plus_graphs,0.65,5
V100,medium,5.209554,20.442043,0.0,3546.855495,3542.652426,3.923953,0.25485,2459.164939,1000.0,5,always_compile_reduce_overhead,0.65,5
V100,medium,5.209554,0.663393,0.0,1.476989,1.289172,0.127342,5.197656,0.0,0.0,5,always_cpu,0.65,0
V100,medium,5.209554,0.666557,281.2,1.492385,1.296389,0.127949,5.197473,0.0,0.0,5,always_eager,0.65,0
V100,medium,5.209554,0.649143,0.0,1.435832,1.246056,0.124606,5.197923,24.745623,412.0,5,always_graphs,0.65,0
V100,medium,5.209554,0.67054,0.0,1.562485,1.373909,0.128713,5.196764,33.715088,553.0,5,always_graphs_input_copy,0.65,0
V100,medium,5.209554,0.666557,281.2,1.492385,1.296389,0.127949,5.197473,0.0,0.0,5,amort_ablation_startup_only,0.65,0
V100,medium,5.209554,0.645407,58.8,1.431066,1.240254,0.123889,5.198042,6.951948,80.4,5,amort_ablation_startup_step,0.65,0
V100,medium,5.209554,0.645407,58.8,1.431066,1.240254,0.123889,5.198042,6.951948,80.4,5,amort_ablation_startup_step_risk,0.65,0
V100,medium,5.209554,0.649577,0.0,1.439584,1.248762,0.12469,5.197922,24.745623,336.6,5,amort_ablation_step_only,0.65,0
V100,medium,5.209554,0.645407,58.8,1.431066,1.240254,0.123889,5.198042,6.951948,80.4,5,amortization_policy,0.65,0
V100,medium,5.209554,0.646361,0.0,1.429841,1.242453,0.124072,5.198036,13.420481,174.4,5,first_k_probe_policy,0.65,0
V100,medium,5.209554,10.400879,58.8,1724.808779,1723.547758,1.996501,0.500995,1209.923445,496.0,5,job_length_only,0.65,5
V100,medium,5.209554,0.642031,0.0,1.411191,1.22251,0.123241,5.198184,0.0,0.0,5,oracle_best_action,0.65,0
V100,medium,5.209554,0.647328,0.0,1.430712,1.245814,0.124258,5.197929,13.420481,174.4,5,risk_aware_policy,0.65,0
V100,medium,5.209554,3.303104,0.0,422.544085,422.094741,0.634047,1.580329,328.977632,463.0,5,shape_only,0.65,5
V100,medium,5.209554,0.645721,58.8,1.426083,1.242075,0.123949,5.197991,6.94868,122.2,5,static_gate_only,0.65,0
V100,medium,5.209554,0.646289,58.8,1.430576,1.244157,0.124058,5.197929,6.94868,80.4,5,static_gate_plus_eligibility,0.65,0
V100,medium,5.209554,2.057339,58.8,193.031948,192.650497,0.394917,2.530756,169.183501,157.2,5,static_threshold,0.65,5
V100,medium,5.209554,0.649866,128.2,1.435847,1.2495,0.124745,5.197998,7.515768,87.2,5,workload_agnostic_logreg_policy,0.65,0
V100,medium,5.209554,0.651416,168.2,1.444003,1.254353,0.125043,5.19799,6.932886,53.8,5,workload_agnostic_tree_policy,0.65,0
V100,medium,5.209554,0.666557,281.2,1.492385,1.296389,0.127949,5.197473,0.0,0.0,5,workload_family_holdout_policy,0.65,0
A100,heavy,4.384196,0.955918,366.2,5.166334,4.910732,0.218037,4.346443,0.0,0.0,5,always_best_eager,0.9,0
A100,heavy,4.384196,22.829221,0.0,4732.56985,4727.041149,5.207163,0.192046,3285.656815,1000.0,5,always_compile,0.9,5
A100,heavy,4.384196,15.736697,0.0,3194.243301,3193.244195,3.589415,0.27861,2240.163405,767.0,5,always_compile_plus_graphs,0.9,5
A100,heavy,4.384196,23.058507,0.0,4782.208165,4776.650126,5.259461,0.190137,3339.390736,1000.0,5,always_compile_reduce_overhead,0.9,5
A100,heavy,4.384196,0.955918,0.0,5.166334,4.910732,0.218037,4.346443,0.0,0.0,5,always_cpu,0.9,0
A100,heavy,4.384196,0.963262,366.2,5.605389,5.378748,0.219712,4.338437,0.0,0.0,5,always_eager,0.9,0
A100,heavy,4.384196,0.907232,0.0,3.447026,3.21105,0.206932,4.358166,35.562569,311.0,5,always_graphs,0.9,0
A100,heavy,4.384196,0.943614,0.0,4.368703,4.133028,0.215231,4.351787,52.334774,440.2,5,always_graphs_input_copy,0.9,0
A100,heavy,4.384196,0.963262,366.2,5.605389,5.378748,0.219712,4.338437,0.0,0.0,5,amort_ablation_startup_only,0.9,0
A100,heavy,4.384196,0.904332,103.0,3.397516,3.182969,0.206271,4.358429,7.100627,35.6,5,amort_ablation_startup_step,0.9,0
A100,heavy,4.384196,0.904332,103.0,3.397516,3.182969,0.206271,4.358429,7.100627,35.6,5,amort_ablation_startup_step_risk,0.9,0
A100,heavy,4.384196,0.908096,0.0,3.469751,3.221538,0.207129,4.357843,35.562569,235.6,5,amort_ablation_step_only,0.9,0
A100,heavy,4.384196,0.904332,103.0,3.397516,3.182969,0.206271,4.358429,7.100627,35.6,5,amortization_policy,0.9,0
A100,heavy,4.384196,0.904205,5.0,3.386927,3.182814,0.206242,4.358459,16.3482,95.8,5,first_k_probe_policy,0.9,0
A100,heavy,4.384196,11.797507,103.0,2353.712279,2352.024366,2.690917,0.371711,1629.226375,496.0,5,job_length_only,0.9,5
A100,heavy,4.384196,0.894473,0.0,3.243149,3.015242,0.204022,4.359799,0.0,0.0,5,oracle_best_action,0.9,0
A100,heavy,4.384196,0.906128,5.0,3.462673,3.226018,0.20668,4.358413,16.29188,95.8,5,risk_aware_policy,0.9,0
A100,heavy,4.384196,3.890959,0.0,629.7848,629.318518,0.887497,1.128634,450.421332,372.0,5,shape_only,0.9,5
A100,heavy,4.384196,0.904515,103.0,3.391671,3.1805,0.206313,4.35862,7.100627,77.4,5,static_gate_only,0.9,0
A100,heavy,4.384196,0.906061,103.0,3.467418,3.23294,0.206665,4.358312,7.100627,35.6,5,static_gate_plus_eligibility,0.9,0
A100,heavy,4.384196,2.500178,103.0,324.618842,324.109163,0.570271,1.753596,229.812355,116.4,5,static_threshold,0.9,5
A100,heavy,4.384196,0.915308,88.4,3.623099,3.36604,0.208774,4.355513,16.3482,95.8,5,workload_agnostic_logreg_policy,0.9,0
A100,heavy,4.384196,0.915931,66.0,3.627664,3.381038,0.208917,4.355422,16.3482,95.8,5,workload_agnostic_tree_policy,0.9,0
A100,heavy,4.384196,0.963262,366.2,5.605389,5.378748,0.219712,4.338437,0.0,0.0,5,workload_family_holdout_policy,0.9,0
A100,light,1.704965,0.371746,366.2,0.937428,0.577732,0.218037,1.704178,0.0,0.0,5,always_best_eager,0.35,0
A100,light,1.704965,8.87803,0.0,4390.757237,4385.228535,5.207163,0.192046,3285.656815,1000.0,5,always_compile,0.35,5
A100,light,1.704965,6.119826,0.0,2852.71541,2851.400822,3.589415,0.278589,2240.163405,767.0,5,always_compile_plus_graphs,0.35,5
A100,light,1.704965,8.967196,0.0,4440.395552,4434.837513,5.259461,0.190137,3339.390736,1000.0,5,always_compile_reduce_overhead,0.35,5
A100,light,1.704965,0.371746,0.0,0.937428,0.577732,0.218037,1.704178,0.0,0.0,5,always_cpu,0.35,0
A100,light,1.704965,0.374602,366.2,0.95914,0.585228,0.219712,1.704141,0.0,0.0,5,always_eager,0.35,0
A100,light,1.704965,0.352812,0.0,0.906173,0.539854,0.206932,1.704253,35.562569,311.0,5,always_graphs,0.35,0
A100,light,1.704965,0.366961,0.0,0.931763,0.569201,0.215231,1.704183,52.334774,440.2,5,always_graphs_input_copy,0.35,0
A100,light,1.704965,0.374602,366.2,0.95914,0.585228,0.219712,1.704141,0.0,0.0,5,amort_ablation_startup_only,0.35,0
A100,light,1.704965,0.351685,103.0,0.906313,0.538656,0.206271,1.704249,7.100627,35.6,5,amort_ablation_startup_step,0.35,0
A100,light,1.704965,0.351685,103.0,0.906313,0.538656,0.206271,1.704249,7.100627,35.6,5,amort_ablation_startup_step_risk,0.35,0
A100,light,1.704965,0.353148,0.0,0.906798,0.53989,0.207129,1.70424,35.562569,235.6,5,amort_ablation_step_only,0.35,0
A100,light,1.704965,0.351685,103.0,0.906313,0.538656,0.206271,1.704249,7.100627,35.6,5,amortization_policy,0.35,0
A100,light,1.704965,0.351636,5.0,0.905448,0.537581,0.206242,1.70424,16.3482,95.8,5,first_k_probe_policy,0.35,0
A100,light,1.704965,4.587919,103.0,2011.899592,2009.992539,2.690917,0.371692,1629.226375,496.0,5,job_length_only,0.35,5
A100,light,1.704965,0.347851,0.0,0.895827,0.52818,0.204022,1.704267,0.0,0.0,5,oracle_best_action,0.35,0
A100,light,1.704965,0.352383,5.0,0.916254,0.540688,0.20668,1.704229,16.29188,95.8,5,risk_aware_policy,0.35,0
A100,light,1.704965,1.513151,0.0,289.516555,289.027035,0.887497,1.127133,450.421332,372.0,5,shape_only,0.35,5
A100,light,1.704965,0.351756,103.0,0.904852,0.539261,0.206313,1.704249,7.100627,77.4,5,static_gate_only,0.35,0
A100,light,1.704965,0.352357,103.0,0.917208,0.543054,0.206665,1.704235,7.100627,35.6,5,static_gate_plus_eligibility,0.35,0
A100,light,1.704965,0.972291,103.0,47.395088,46.710155,0.570271,1.63598,229.812355,116.4,5,static_threshold,0.35,1
A100,light,1.704965,0.355953,88.4,0.9103,0.544009,0.208774,1.704253,16.3482,95.8,5,workload_agnostic_logreg_policy,0.35,0
A100,light,1.704965,0.356196,66.0,0.909119,0.54366,0.208917,1.704253,16.3482,95.8,5,workload_agnostic_tree_policy,0.35,0
A100,light,1.704965,0.374602,366.2,0.95914,0.585228,0.219712,1.704141,0.0,0.0,5,workload_family_holdout_policy,0.35,0
A100,medium,3.166364,0.690385,366.2,1.586467,1.324319,0.218037,3.16054,0.0,0.0,5,always_best_eager,0.65,0
A100,medium,3.166364,16.487772,0.0,4648.90942,4643.380719,5.207163,0.192046,3285.656815,1000.0,5,always_compile,0.65,5
A100,medium,3.166364,11.365393,0.0,3110.657039,3109.540431,3.589415,0.278609,2240.163405,767.0,5,always_compile_plus_graphs,0.65,5
A100,medium,3.166364,16.653367,0.0,4698.547735,4692.989696,5.259461,0.190137,3339.390736,1000.0,5,always_compile_reduce_overhead,0.65,5
A100,medium,3.166364,0.690385,0.0,1.586467,1.324319,0.218037,3.16054,0.0,0.0,5,always_cpu,0.65,0
A100,medium,3.166364,0.695689,366.2,1.619059,1.36392,0.219712,3.16045,0.0,0.0,5,always_eager,0.65,0
A100,medium,3.166364,0.655223,0.0,1.410225,1.165838,0.206932,3.161131,35.562569,311.0,5,always_graphs,0.65,0
A100,medium,3.166364,0.681499,0.0,1.510621,1.257213,0.215231,3.160596,52.334774,440.2,5,always_graphs_input_copy,0.65,0
A100,medium,3.166364,0.695689,366.2,1.619059,1.36392,0.219712,3.16045,0.0,0.0,5,amort_ablation_startup_only,0.65,0
A100,medium,3.166364,0.653128,103.0,1.405929,1.160241,0.206271,3.161078,7.100627,35.6,5,amort_ablation_startup_step,0.65,0
A100,medium,3.166364,0.653128,103.0,1.405929,1.160241,0.206271,3.161078,7.100627,35.6,5,amort_ablation_startup_step_risk,0.65,0
A100,medium,3.166364,0.655847,0.0,1.412689,1.168953,0.207129,3.161085,35.562569,235.6,5,amort_ablation_step_only,0.65,0
A100,medium,3.166364,0.653128,103.0,1.405929,1.160241,0.206271,3.161078,7.100627,35.6,5,amortization_policy,0.65,0
A100,medium,3.166364,0.653037,5.0,1.404782,1.160572,0.206242,3.161056,16.3482,95.8,5,first_k_probe_policy,0.65,0
A100,medium,3.166364,8.520422,103.0,2270.007091,2268.319935,2.690917,0.371708,1629.226375,496.0,5,job_length_only,0.65,5
A100,medium,3.166364,0.646008,0.0,1.386504,1.139372,0.204022,3.161218,0.0,0.0,5,oracle_best_action,0.65,0
A100,medium,3.166364,0.654425,5.0,1.424049,1.173285,0.20668,3.161018,16.29188,95.8,5,risk_aware_policy,0.65,0
A100,medium,3.166364,2.810137,0.0,546.452816,545.67179,0.887497,1.128608,450.421332,372.0,5,shape_only,0.65,5
A100,medium,3.166364,0.653261,103.0,1.402656,1.157329,0.206313,3.161139,7.100627,77.4,5,static_gate_only,0.65,0
A100,medium,3.166364,0.654377,103.0,1.42461,1.174319,0.206665,3.161091,7.100627,35.6,5,static_gate_plus_eligibility,0.65,0
A100,medium,3.166364,1.805684,103.0,241.815769,241.216913,0.570271,1.751632,229.812355,116.4,5,static_threshold,0.65,5
A100,medium,3.166364,0.661056,88.4,1.423743,1.176209,0.208774,3.160837,16.3482,95.8,5,workload_agnostic_logreg_policy,0.65,0
A100,medium,3.166364,0.661506,66.0,1.425093,1.178442,0.208917,3.160837,16.3482,95.8,5,workload_agnostic_tree_policy,0.65,0
A100,medium,3.166364,0.695689,366.2,1.619059,1.36392,0.219712,3.16045,0.0,0.0,5,workload_family_holdout_policy,0.65,0
H100,heavy,4.509396,0.920716,226.2,3.143286,2.93422,0.204177,4.48269,0.0,0.0,5,always_best_eager,0.9,0
H100,heavy,4.509396,17.527974,0.0,3482.888963,3478.736,3.886989,0.257273,2541.480525,1000.0,5,always_compile,0.9,5
H100,heavy,4.509396,12.058524,0.0,2330.263545,2329.455066,2.674088,0.373976,1732.04956,767.0,5,always_compile_plus_graphs,0.9,5
H100,heavy,4.509396,17.664996,0.0,3512.122469,3507.915092,3.917375,0.255277,2574.571901,1000.0,5,always_compile_reduce_overhead,0.9,5
H100,heavy,4.509396,0.920716,0.0,3.143286,2.93422,0.204177,4.48269,0.0,0.0,5,always_cpu,0.9,0
H100,heavy,4.509396,0.922696,226.2,3.201319,2.986148,0.204616,4.482447,0.0,0.0,5,always_eager,0.9,0
H100,heavy,4.509396,0.908808,0.0,2.884448,2.683567,0.201537,4.484683,57.456506,454.6,5,always_graphs,0.9,0
H100,heavy,4.509396,0.925808,0.0,3.182274,2.97163,0.205306,4.482209,71.222964,554.8,5,always_graphs_input_copy,0.9,0
H100,heavy,4.509396,0.922696,226.2,3.201319,2.986148,0.204616,4.482447,0.0,0.0,5,amort_ablation_startup_only,0.9,0
H100,heavy,4.509396,0.90277,28.0,2.811289,2.60615,0.200198,4.485504,15.210485,99.8,5,amort_ablation_startup_step,0.9,0
H100,heavy,4.509396,0.90277,28.0,2.811289,2.60615,0.200198,4.485504,15.210485,99.8,5,amort_ablation_startup_step_risk,0.9,0
H100,heavy,4.509396,0.908585,0.0,2.887291,2.685429,0.201487,4.484754,57.456506,379.2,5,amort_ablation_step_only,0.9,0
H100,heavy,4.509396,0.90277,28.0,2.811289,2.60615,0.200198,4.485504,15.210485,99.8,5,amortization_policy,0.9,0
H100,heavy,4.509396,0.90498,5.8,2.843252,2.636858,0.200688,4.485255,33.686243,223.8,5,first_k_probe_policy,0.9,0
H100,heavy,4.509396,9.186216,28.0,1734.39624,1733.131854,2.037128,0.490994,1259.537579,496.0,5,job_length_only,0.9,5
H100,heavy,4.509396,0.89704,0.0,2.728344,2.517679,0.198927,4.486055,0.0,0.0,5,oracle_best_action,0.9,0
H100,heavy,4.509396,0.905259,5.8,2.859434,2.657721,0.20075,4.485216,33.686243,223.8,5,risk_aware_policy,0.9,0
H100,heavy,4.509396,3.210673,0.0,467.89907,467.421314,0.711996,1.406459,373.321799,489.8,5,shape_only,0.9,5
H100,heavy,4.509396,0.903711,28.0,2.823719,2.614252,0.200406,4.48527,15.214775,141.6,5,static_gate_only,0.9,0
H100,heavy,4.509396,0.904227,28.0,2.842881,2.637842,0.200521,4.485223,15.214775,99.8,5,static_gate_plus_eligibility,0.9,0
H100,heavy,4.509396,2.164867,28.0,245.123269,244.514113,0.480079,2.082353,184.846424,170.0,5,static_threshold,0.9,5
H100,heavy,4.509396,0.907112,100.6,2.869698,2.664486,0.20116,4.484204,5.103534,39.8,5,workload_agnostic_logreg_policy,0.9,0
H100,heavy,4.509396,0.906669,105.0,2.865438,2.657367,0.201062,4.484185,0.73232,5.0,5,workload_agnostic_tree_policy,0.9,0
H100,heavy,4.509396,0.922696,226.2,3.201319,2.986148,0.204616,4.482447,0.0,0.0,5,workload_family_holdout_policy,0.9,0
H100,light,1.753654,0.358056,226.2,0.738694,0.429545,0.204177,1.753018,0.0,0.0,5,always_best_eager,0.35,0
H100,light,1.753654,6.816434,0.0,3150.566515,3146.413553,3.886989,0.257273,2541.480525,1000.0,5,always_compile,0.35,5
H100,light,1.753654,4.689426,0.0,1998.092984,1996.867707,2.674088,0.373938,1732.04956,767.0,5,always_compile_plus_graphs,0.35,5
H100,light,1.753654,6.869721,0.0,3179.800022,3175.592645,3.917375,0.255277,2574.571901,1000.0,5,always_compile_reduce_overhead,0.35,5
H100,light,1.753654,0.358056,0.0,0.738694,0.429545,0.204177,1.753018,0.0,0.0,5,always_cpu,0.35,0
H100,light,1.753654,0.358826,226.2,0.741406,0.432079,0.204616,1.753027,0.0,0.0,5,always_eager,0.35,0
H100,light,1.753654,0.353426,0.0,0.728703,0.417584,0.201537,1.753055,57.456506,454.6,5,always_graphs,0.35,0
H100,light,1.753654,0.360036,0.0,0.739507,0.432761,0.205306,1.753029,71.222964,554.8,5,always_graphs_input_copy,0.35,0
H100,light,1.753654,0.358826,226.2,0.741406,0.432079,0.204616,1.753027,0.0,0.0,5,amort_ablation_startup_only,0.35,0
H100,light,1.753654,0.351077,28.0,0.728777,0.414411,0.200198,1.753059,15.210485,99.8,5,amort_ablation_startup_step,0.35,0
H100,light,1.753654,0.351077,28.0,0.728777,0.414411,0.200198,1.753059,15.210485,99.8,5,amort_ablation_startup_step_risk,0.35,0
H100,light,1.753654,0.353339,0.0,0.731222,0.418473,0.201487,1.753058,57.456506,379.2,5,amort_ablation_step_only,0.35,0
H100,light,1.753654,0.351077,28.0,0.728777,0.414411,0.200198,1.753059,15.210485,99.8,5,amortization_policy,0.35,0
H100,light,1.753654,0.351937,5.8,0.728949,0.416033,0.200688,1.753058,33.686243,223.8,5,first_k_probe_policy,0.35,0
H100,light,1.753654,3.572417,28.0,1402.053496,1400.392219,2.037128,0.490965,1259.537579,496.0,5,job_length_only,0.35,5
H100,light,1.753654,0.348849,0.0,0.721214,0.410981,0.198927,1.753065,0.0,0.0,5,oracle_best_action,0.35,0
H100,light,1.753654,0.352045,5.8,0.730939,0.41786,0.20075,1.753061,33.686243,223.8,5,risk_aware_policy,0.35,0
H100,light,1.753654,1.248595,0.0,143.739382,143.308757,0.711996,1.39739,373.321799,489.8,5,shape_only,0.35,5
H100,light,1.753654,0.351443,28.0,0.727586,0.417243,0.200406,1.753065,15.214775,141.6,5,static_gate_only,0.35,0
H100,light,1.753654,0.351644,28.0,0.731359,0.417675,0.200521,1.753062,15.214775,99.8,5,static_gate_plus_eligibility,0.35,0
H100,light,1.753654,0.841893,28.0,21.689714,21.069095,0.480079,1.733887,184.846424,170.0,5,static_threshold,0.35,0
H100,light,1.753654,0.352766,100.6,0.72788,0.416935,0.20116,1.753062,5.103534,39.8,5,workload_agnostic_logreg_policy,0.35,0
H100,light,1.753654,0.352594,105.0,0.72788,0.415872,0.201062,1.75306,0.73232,5.0,5,workload_agnostic_tree_policy,0.35,0
H100,light,1.753654,0.358826,226.2,0.741406,0.432079,0.204616,1.753027,0.0,0.0,5,workload_family_holdout_policy,0.35,0
H100,medium,3.256786,0.664961,226.2,1.233261,0.997839,0.204177,3.251417,0.0,0.0,5,always_best_eager,0.65,0
H100,medium,3.256786,12.659092,0.0,3401.551301,3397.398338,3.886989,0.257273,2541.480525,1000.0,5,always_compile,0.65,5
H100,medium,3.256786,8.708934,0.0,2249.018971,2248.101784,2.674088,0.373971,1732.04956,767.0,5,always_compile_plus_graphs,0.65,5
H100,medium,3.256786,12.758053,0.0,3430.784808,3426.57743,3.917375,0.255277,2574.571901,1000.0,5,always_compile_reduce_overhead,0.65,5
H100,medium,3.256786,0.664961,0.0,1.233261,0.997839,0.204177,3.251417,0.0,0.0,5,always_cpu,0.65,0
H100,medium,3.256786,0.666391,226.2,1.239295,1.00699,0.204616,3.251387,0.0,0.0,5,always_eager,0.65,0
H100,medium,3.256786,0.656362,0.0,1.181913,0.959094,0.201537,3.25151,57.456506,454.6,5,always_graphs,0.65,0
H100,medium,3.256786,0.668639,0.0,1.237496,0.998078,0.205306,3.251205,71.222964,554.8,5,always_graphs_input_copy,0.65,0
H100,medium,3.256786,0.666391,226.2,1.239295,1.00699,0.204616,3.251387,0.0,0.0,5,amort_ablation_startup_only,0.65,0
H100,medium,3.256786,0.652001,28.0,1.167084,0.94929,0.200198,3.251578,15.210485,99.8,5,amort_ablation_startup_step,0.65,0
H100,medium,3.256786,0.652001,28.0,1.167084,0.94929,0.200198,3.251578,15.210485,99.8,5,amort_ablation_startup_step_risk,0.65,0
H100,medium,3.256786,0.6562,0.0,1.183099,0.957979,0.201487,3.251518,57.456506,379.2,5,amort_ablation_step_only,0.65,0
H100,medium,3.256786,0.652001,28.0,1.167084,0.94929,0.200198,3.251578,15.210485,99.8,5,amortization_policy,0.65,0
H100,medium,3.256786,0.653597,5.8,1.175511,0.956289,0.200688,3.25155,33.686243,223.8,5,first_k_probe_policy,0.65,0
H100,medium,3.256786,6.634489,28.0,1653.010443,1651.756507,2.037128,0.49099,1259.537579,496.0,5,job_length_only,0.65,5
H100,medium,3.256786,0.647862,0.0,1.157731,0.937156,0.198927,3.25164,0.0,0.0,5,oracle_best_action,0.65,0
H100,medium,3.256786,0.653798,5.8,1.17862,0.960505,0.20075,3.25154,33.686243,223.8,5,risk_aware_policy,0.65,0
H100,medium,3.256786,2.318819,0.0,387.067645,386.401426,0.711996,1.406223,373.321799,489.8,5,shape_only,0.65,5
H100,medium,3.256786,0.65268,28.0,1.171198,0.950955,0.200406,3.251568,15.214775,141.6,5,static_gate_only,0.65,0
H100,medium,3.256786,0.653053,28.0,1.175635,0.955669,0.200521,3.251555,15.214775,99.8,5,static_gate_plus_eligibility,0.65,0
H100,medium,3.256786,1.563515,28.0,164.748531,164.133539,0.480079,2.078341,184.846424,170.0,5,static_threshold,0.65,5
H100,medium,3.256786,0.655136,100.6,1.1828,0.959427,0.20116,3.251554,5.103534,39.8,5,workload_agnostic_logreg_policy,0.65,0
H100,medium,3.256786,0.654817,105.0,1.182372,0.959821,0.201062,3.251547,0.73232,5.0,5,workload_agnostic_tree_policy,0.65,0
H100,medium,3.256786,0.666391,226.2,1.239295,1.00699,0.204616,3.251387,0.0,0.0,5,workload_family_holdout_policy,0.65,0
