device,max_normalized_regret,max_regret_vs_oracle_s,mean_normalized_regret,mean_regret_vs_oracle_s,median_normalized_regret,missed_opportunity_count,missed_opportunity_rate,n_conditions,p90_normalized_regret,p95_normalized_regret,policy,policy_failure_count,policy_failure_rate,total_regret_vs_oracle_s,wrong_enable_count,wrong_enable_rate
RTX 4060,0.403505,0.029974,0.050061,0.004816,0.002648,5,0.208333,24,0.071819,0.316896,always_best_eager,6,0.25,0.086685,0,0.0
RTX 4060,30.355867,1.658605,15.366932,1.415046,16.06268,0,0.0,24,25.571737,25.728723,always_compile,0,0.0,33.961105,24,1.0
RTX 4060,0.0,0.0,0.0,0.0,0.0,0,0.0,24,0.0,0.0,always_compile_plus_graphs,24,1.0,0.0,6,0.25
RTX 4060,30.128026,1.681707,15.379174,1.417876,16.022101,0,0.0,24,25.343603,26.06923,always_compile_reduce_overhead,0,0.0,34.029015,24,1.0
RTX 4060,,,,,,0,0.0,24,,,always_cpu,24,1.0,,0,0.0
RTX 4060,0.429877,0.038963,0.045834,0.005447,0.007248,5,0.208333,24,0.068056,0.072299,always_eager,0,0.0,0.130724,0,0.0
RTX 4060,0.041154,0.029299,0.010177,0.004478,0.0,0,0.0,24,0.026385,0.039382,always_graphs,12,0.5,0.080599,13,0.541667
RTX 4060,0.0,0.0,0.0,0.0,0.0,0,0.0,24,0.0,0.0,always_graphs_input_copy,24,1.0,0.0,6,0.25
RTX 4060,0.429877,0.038963,0.045834,0.005447,0.007248,5,0.208333,24,0.068056,0.072299,amort_ablation_startup_only,0,0.0,0.130724,0,0.0
RTX 4060,0.026385,0.029299,0.00415,0.002131,0.0,1,0.041667,24,0.01209,0.012706,amort_ablation_startup_step,0,0.0,0.051145,3,0.125
RTX 4060,0.026385,0.029299,0.00415,0.002131,0.0,1,0.041667,24,0.01209,0.012706,amort_ablation_startup_step_risk,0,0.0,0.051145,3,0.125
RTX 4060,0.041154,0.029299,0.008478,0.003405,0.0,0,0.0,24,0.025627,0.026385,amort_ablation_step_only,0,0.0,0.081712,7,0.291667
RTX 4060,0.026385,0.029299,0.00415,0.002131,0.0,1,0.041667,24,0.01209,0.012706,amortization_policy,0,0.0,0.051145,3,0.125
RTX 4060,0.041154,0.029299,0.008478,0.003405,0.0,0,0.0,24,0.025627,0.026385,first_k_probe_policy,0,0.0,0.081712,7,0.291667
RTX 4060,28.450853,1.635655,9.472351,0.93763,6.913922,1,0.041667,24,20.798158,22.230277,job_length_only,0,0.0,22.503118,16,0.666667
RTX 4060,0.0,0.0,0.0,0.0,0.0,0,0.0,24,0.0,0.0,oracle_best_action,0,0.0,0.0,0,0.0
RTX 4060,0.041154,0.029299,0.009634,0.003459,0.0,0,0.0,24,0.025627,0.026385,risk_aware_policy,0,0.0,0.083013,7,0.291667
RTX 4060,14.497925,1.418754,2.861657,0.346866,0.01772,0,0.0,24,12.818567,12.999373,shape_only,0,0.0,8.324778,13,0.541667
RTX 4060,0.029547,0.029299,0.007405,0.002782,0.0,1,0.041667,24,0.020812,0.025627,static_gate_only,4,0.166667,0.066761,8,0.333333
RTX 4060,0.029547,0.029299,0.007405,0.002782,0.0,1,0.041667,24,0.020812,0.025627,static_gate_plus_eligibility,0,0.0,0.066761,4,0.166667
RTX 4060,12.999373,1.418754,1.659313,0.233662,0.010715,1,0.041667,24,6.894987,6.932858,static_threshold,0,0.0,5.607879,8,0.333333
RTX 4060,0.429877,0.031933,0.062822,0.008359,0.01772,5,0.208333,24,0.072299,0.338853,workload_agnostic_logreg_policy,6,0.25,0.150459,6,0.25
RTX 4060,0.403505,0.029974,0.061357,0.00825,0.01772,5,0.208333,24,0.072299,0.338853,workload_agnostic_tree_policy,6,0.25,0.1485,6,0.25
RTX 4060,0.429877,0.038963,0.045834,0.005447,0.007248,5,0.208333,24,0.068056,0.072299,workload_family_holdout_policy,0,0.0,0.130724,0,0.0
V100,0.555649,0.03985,0.077376,0.006745,0.017345,5,0.208333,24,0.076125,0.516727,always_best_eager,6,0.25,0.121404,0,0.0
V100,66.919472,2.422455,26.648089,2.144852,25.062346,0,0.0,24,46.715423,48.002319,always_compile,0,0.0,51.47644,24,1.0
V100,0.0,0.0,0.0,0.0,0.0,0,0.0,24,0.0,0.0,always_compile_plus_graphs,24,1.0,0.0,6,0.25
V100,67.857787,2.43819,26.749203,2.155219,25.046782,0,0.0,24,46.983791,48.612951,always_compile_reduce_overhead,0,0.0,51.725268,24,1.0
V100,,,,,,0,0.0,24,,,always_cpu,24,1.0,,0,0.0
V100,0.614978,0.044105,0.057979,0.004149,0.0,5,0.208333,24,0.073866,0.088682,always_eager,0,0.0,0.099571,0,0.0
V100,0.04165,0.011508,0.008301,0.002295,0.0,0,0.0,24,0.034204,0.035276,always_graphs,12,0.5,0.041311,11,0.458333
V100,0.0,0.0,0.0,0.0,0.0,0,0.0,24,0.0,0.0,always_graphs_input_copy,24,1.0,0.0,6,0.25
V100,0.614978,0.044105,0.057979,0.004149,0.0,5,0.208333,24,0.073866,0.088682,amort_ablation_startup_only,0,0.0,0.099571,0,0.0
V100,0.041874,0.011508,0.008509,0.001551,0.0,1,0.041667,24,0.021865,0.035276,amort_ablation_startup_step,0,0.0,0.037224,3,0.125
V100,0.041874,0.011508,0.008509,0.001551,0.0,1,0.041667,24,0.021865,0.035276,amort_ablation_startup_step_risk,0,0.0,0.037224,3,0.125
V100,0.041874,0.011508,0.009031,0.001862,0.0,0,0.0,24,0.034204,0.035276,amort_ablation_step_only,0,0.0,0.044678,5,0.208333
V100,0.041874,0.011508,0.008509,0.001551,0.0,1,0.041667,24,0.021865,0.035276,amortization_policy,0,0.0,0.037224,3,0.125
V100,0.041874,0.011508,0.009031,0.001862,0.0,0,0.0,24,0.034204,0.035276,first_k_probe_policy,0,0.0,0.044678,5,0.208333
V100,60.473271,2.396874,15.967813,1.433525,7.915162,1,0.041667,24,33.962245,37.514699,job_length_only,0,0.0,34.404592,16,0.666667
V100,0.0,0.0,0.0,0.0,0.0,0,0.0,24,0.0,0.0,oracle_best_action,0,0.0,0.0,0,0.0
V100,0.041874,0.011508,0.009031,0.001862,0.0,0,0.0,24,0.034204,0.035276,risk_aware_policy,0,0.0,0.044678,5,0.208333
V100,22.250979,2.070812,4.04676,0.51243,0.007435,0,0.0,24,18.134294,18.761458,shape_only,0,0.0,12.298314,11,0.458333
V100,0.041874,0.011508,0.005846,0.001391,0.0,1,0.041667,24,0.010977,0.035276,static_gate_only,4,0.166667,0.033391,7,0.291667
V100,0.041874,0.011508,0.005846,0.001391,0.0,1,0.041667,24,0.010977,0.035276,static_gate_plus_eligibility,0,0.0,0.033391,3,0.125
V100,18.761458,2.070812,2.202766,0.344218,0.0,1,0.041667,24,7.894431,7.935893,static_threshold,0,0.0,8.261232,7,0.291667
V100,0.614978,0.044105,0.063641,0.0058,0.00017,5,0.208333,24,0.073866,0.088682,workload_agnostic_logreg_policy,0,0.0,0.13919,5,0.208333
V100,0.614978,0.044105,0.063641,0.0058,0.00017,5,0.208333,24,0.073866,0.088682,workload_agnostic_tree_policy,0,0.0,0.13919,5,0.208333
V100,0.614978,0.044105,0.057979,0.004149,0.0,5,0.208333,24,0.073866,0.088682,workload_family_holdout_policy,0,0.0,0.099571,0,0.0
A100,0.804402,0.107773,0.104459,0.01583,0.005444,7,0.291667,24,0.237716,0.497823,always_best_eager,6,0.25,0.284942,0,0.0
A100,30.6446,3.574218,17.19263,2.883123,16.999792,0,0.0,24,26.406658,27.653702,always_compile,0,0.0,69.194958,24,1.0
A100,0.0,0.0,0.0,0.0,0.0,0,0.0,24,0.0,0.0,always_compile_plus_graphs,24,1.0,0.0,6,0.25
A100,30.688506,3.470486,16.965437,2.841086,16.773802,0,0.0,24,24.414388,26.944476,always_compile_reduce_overhead,0,0.0,68.186066,24,1.0
A100,,,,,,0,0.0,24,,,always_cpu,24,1.0,,0,0.0
A100,0.868464,0.116356,0.110103,0.017421,0.051626,7,0.291667,24,0.153381,0.218097,always_eager,0,0.0,0.418097,0,0.0
A100,0.195036,0.06265,0.024472,0.007125,0.0,0,0.0,24,0.053089,0.133652,always_graphs,12,0.5,0.128253,11,0.458333
A100,0.0,0.0,0.0,0.0,0.0,0,0.0,24,0.0,0.0,always_graphs_input_copy,24,1.0,0.0,6,0.25
A100,0.868464,0.116356,0.110103,0.017421,0.051626,7,0.291667,24,0.153381,0.218097,amort_ablation_startup_only,0,0.0,0.418097,0,0.0
A100,0.195036,0.06265,0.02954,0.006242,0.0,2,0.083333,24,0.08271,0.108966,amort_ablation_startup_step,0,0.0,0.149809,3,0.125
A100,0.195036,0.06265,0.02954,0.006242,0.0,2,0.083333,24,0.08271,0.108966,amort_ablation_startup_step_risk,0,0.0,0.149809,3,0.125
A100,0.195036,0.06265,0.025184,0.005941,0.0,0,0.0,24,0.054944,0.108966,amort_ablation_step_only,0,0.0,0.142593,5,0.208333
A100,0.195036,0.06265,0.02954,0.006242,0.0,2,0.083333,24,0.08271,0.108966,amortization_policy,0,0.0,0.149809,3,0.125
A100,0.195036,0.06265,0.025184,0.005941,0.0,0,0.0,24,0.054944,0.108966,first_k_probe_policy,0,0.0,0.142593,5,0.208333
A100,28.654009,3.574218,10.306332,1.901174,9.583066,2,0.083333,24,22.813762,22.970689,job_length_only,0,0.0,45.628177,16,0.666667
A100,0.0,0.0,0.0,0.0,0.0,0,0.0,24,0.0,0.0,oracle_best_action,0,0.0,0.0,0,0.0
A100,0.195036,0.06265,0.025958,0.006057,0.0,0,0.0,24,0.054944,0.108966,risk_aware_policy,0,0.0,0.145371,5,0.208333
A100,18.071726,3.096279,2.976734,0.704794,0.052195,0,0.0,24,11.824457,12.443056,shape_only,0,0.0,16.915058,11,0.458333
A100,0.195036,0.06265,0.042511,0.008278,0.003708,2,0.083333,24,0.108966,0.133652,static_gate_only,4,0.166667,0.198674,7,0.291667
A100,0.195036,0.06265,0.042511,0.008278,0.003708,2,0.083333,24,0.108966,0.133652,static_gate_plus_eligibility,0,0.0,0.198674,3,0.125
A100,12.443056,2.795001,1.531172,0.451813,0.056805,2,0.083333,24,5.341776,6.118573,static_threshold,0,0.0,10.843511,7,0.291667
A100,0.497823,0.079449,0.094346,0.016482,0.052195,5,0.208333,24,0.195036,0.237716,workload_agnostic_logreg_policy,6,0.25,0.29668,5,0.208333
A100,0.804402,0.107773,0.138988,0.022464,0.064796,6,0.25,24,0.237716,0.497823,workload_agnostic_tree_policy,6,0.25,0.404354,5,0.208333
A100,0.868464,0.116356,0.110103,0.017421,0.051626,7,0.291667,24,0.153381,0.218097,workload_family_holdout_policy,0,0.0,0.418097,0,0.0
H100,0.230557,0.035581,0.023704,0.004287,0.013806,5,0.208333,24,0.031053,0.037219,always_best_eager,6,0.25,0.077171,0,0.0
H100,19.80068,3.003756,11.129395,2.102002,9.94628,0,0.0,24,15.922124,15.949396,always_compile,0,0.0,50.448051,24,1.0
H100,0.0,0.0,0.0,0.0,0.0,0,0.0,24,0.0,0.0,always_compile_plus_graphs,24,1.0,0.0,6,0.25
H100,19.455589,2.432825,11.000846,2.06235,9.893998,0,0.0,24,15.823139,15.901916,always_compile_reduce_overhead,0,0.0,49.496394,24,1.0
H100,,,,,,0,0.0,24,,,always_cpu,24,1.0,,0,0.0
H100,0.298388,0.046049,0.023265,0.004002,0.00094,5,0.208333,24,0.042238,0.043013,always_eager,0,0.0,0.09605,0,0.0
H100,0.034904,0.005373,0.006402,0.00123,0.0,0,0.0,24,0.021693,0.028076,always_graphs,12,0.5,0.022142,10,0.416667
H100,0.0,0.0,0.0,0.0,0.0,0,0.0,24,0.0,0.0,always_graphs_input_copy,24,1.0,0.0,6,0.25
H100,0.298388,0.046049,0.023265,0.004002,0.00094,5,0.208333,24,0.042238,0.043013,amort_ablation_startup_only,0,0.0,0.09605,0,0.0
H100,0.053367,0.006594,0.011915,0.001794,0.004723,2,0.083333,24,0.03079,0.037219,amort_ablation_startup_step,0,0.0,0.043056,3,0.125
H100,0.053367,0.006594,0.011915,0.001794,0.004723,2,0.083333,24,0.03079,0.037219,amort_ablation_startup_step_risk,0,0.0,0.043056,3,0.125
H100,0.053367,0.006594,0.011783,0.001714,0.001969,0,0.0,24,0.034904,0.037219,amort_ablation_step_only,0,0.0,0.04114,4,0.166667
H100,0.053367,0.006594,0.011915,0.001794,0.004723,2,0.083333,24,0.03079,0.037219,amortization_policy,0,0.0,0.043056,3,0.125
H100,0.053367,0.006594,0.011783,0.001714,0.001969,0,0.0,24,0.034904,0.037219,first_k_probe_policy,0,0.0,0.04114,4,0.166667
H100,19.80068,3.003756,6.974595,1.417024,7.591999,2,0.083333,24,13.661139,15.587884,job_length_only,0,0.0,34.008567,16,0.666667
H100,0.0,0.0,0.0,0.0,0.0,0,0.0,24,0.0,0.0,oracle_best_action,0,0.0,0.0,0,0.0
H100,0.053367,0.006594,0.01243,0.001814,0.004761,0,0.0,24,0.034904,0.037219,risk_aware_policy,0,0.0,0.043525,4,0.166667
H100,9.291285,3.003756,1.912887,0.536733,0.018613,0,0.0,24,7.787624,8.083863,shape_only,0,0.0,12.881587,10,0.416667
H100,0.053367,0.006594,0.010482,0.00156,0.00094,2,0.083333,24,0.028076,0.03079,static_gate_only,4,0.166667,0.037445,7,0.291667
H100,0.053367,0.006594,0.010482,0.00156,0.00094,2,0.083333,24,0.028076,0.03079,static_gate_plus_eligibility,0,0.0,0.037445,3,0.125
H100,8.083863,3.003756,1.148344,0.3746,0.009373,2,0.083333,24,4.74924,6.687958,static_threshold,0,0.0,8.990401,7,0.291667
H100,0.053367,0.006594,0.012073,0.001957,0.005509,3,0.125,24,0.03079,0.042238,workload_agnostic_logreg_policy,5,0.208333,0.037175,1,0.041667
H100,0.053367,0.006594,0.012041,0.002063,0.00587,4,0.166667,24,0.028076,0.03079,workload_agnostic_tree_policy,2,0.083333,0.045375,2,0.083333
H100,0.298388,0.046049,0.023265,0.004002,0.00094,5,0.208333,24,0.042238,0.043013,workload_family_holdout_policy,0,0.0,0.09605,0,0.0
